,,,,2327,495,2822,,,,,,,,,,,,,,,
,Date,Semaine,Jour,Cheptel,,,,Poids ,,,,Aliments ,,,,,,Programmes ,,,Observations 
,,,,Effectif ,Morts,Cumul,Cum %,Min,Réel,Max ,Hom. %,Référence ,Norme,Distribution ,Qté à distribuer (kg),Disitribué (kg),Cumul,Programme / intervention ,Produits ,Dosage,
,mercredi 19 février 2025,1,1,3300,730,730,"22,12%",,,,,PN010M,à volonté ,,,,,MISE EN FERME,Tétracolivit + Vitamine C,,
,jeudi 20 février 2025,,2,2570,0,730,"28,40%",,,,,,à volonté ,,,,0,Antibiotique vitaminé ,Tétracolivit,,
,vendredi 21 février 2025,,3,2570,0,730,"28,40%",,,,,,à volonté ,,,,0,Antibiotique + Hépato,Tétracolivit + Antitox,,
,samedi 22 février 2025,,4,2570,0,730,"28,40%",,,,,,à volonté ,,,,0,Antibiotique + Hépato,Tétracolivit + Antitox,,
,dimanche 23 février 2025,,5,2570,0,730,"28,40%",,,,,,à volonté ,,,,0,Antibiotique + Hépato,Tétracolivit + Antitox,,
,lundi 24 février 2025,,6,2570,0,730,"28,40%",,,,,,à volonté ,,,,0,,,,
,mardi 25 février 2025,,7,2570,0,730,"28,40%",,,,,,à volonté ,,,,0,,,,
,mercredi 26 février 2025,2,8,2570,0,730,"28,40%",64,,67,,,à volonté ,,,,0,Vitamines,Amin'total,,
,jeudi 27 février 2025,,9,2570,0,730,"28,40%",,,,,,à volonté ,,,,0,DEBECQUAGE,Amin'total,,
,vendredi 28 février 2025,,10,2570,1,731,"28,44%",,,,,,à volonté ,,,,0,Vitamines,Amin'total,,
,samedi 1 mars 2025,,11,2569,0,731,"28,45%",,,,,,à volonté ,,,,0,,,,Débecquage
,dimanche 2 mars 2025,,12,2569,0,731,"28,45%",,,,,,à volonté ,,,,0,,,,
,lundi 3 mars 2025,,13,2569,0,731,"28,45%",,,,,,à volonté ,,,,0,Vitamines,Amin'total,,
,mardi 4 mars 2025,,14,2569,0,731,"28,45%",,,,,,à volonté ,,,,0,Vitamines,Amin'total,,
,mercredi 5 mars 2025,3,15,2569,0,731,"28,45%",114,,122,,,à volonté ,,,,0,LASOTA,Amin'total,,Vaccination Lasota
,jeudi 6 mars 2025,,16,2569,0,731,"28,45%",,,,,,à volonté ,,,,0,Vitamines,Amin'total,,
,vendredi 7 mars 2025,,17,2569,0,731,"28,45%",,,,,,à volonté ,,,,0,,,,
,samedi 8 mars 2025,,18,2569,0,731,"28,45%",,,,,,à volonté ,,,,0,,,,
,dimanche 9 mars 2025,,19,2569,0,731,"28,45%",,,,,,à volonté ,,,,0,,,,
,lundi 10 mars 2025,,20,2569,0,731,"28,45%",,,,,,à volonté ,,,,0,,,,
,mardi 11 mars 2025,,21,2569,0,731,"28,45%",,,,,,à volonté ,,,,0,Vitamines,Amin'total,,
,mercredi 12 mars 2025,4,22,2569,0,731,"28,45%",186,,197,,,à volonté ,,,,0,Vitamines,Amin'total,,
,jeudi 13 mars 2025,,23,2569,0,731,"28,45%",,,,,,à volonté ,,,,0,IBH120,Amin'total,,
,vendredi 14 mars 2025,,24,2569,0,731,"28,45%",,,,,,à volonté ,,,,0,Vitamines,Amin'total,,
,samedi 15 mars 2025,,25,2569,0,731,"28,45%",,,,,,à volonté ,,,,0,,,,
,dimanche 16 mars 2025,,26,2569,0,731,"28,45%",,,,,,à volonté ,,,,0,Anticoccidiens + Hépato,Anticox + Antitox,,
,lundi 17 mars 2025,,27,2569,0,731,"28,45%",,,,,,à volonté ,,,,0,Anticoccidiens + Hépato,Anticox + Antitox,,
,mardi 18 mars 2025,,28,2569,0,731,"28,45%",,,,,,à volonté ,,,,0,Anticoccidiens + Hépato,Anticox + Antitox,,
,mercredi 19 mars 2025,5,29,2569,0,731,"28,45%",268,,283,,,à volonté ,,,,0,,,,
,jeudi 20 mars 2025,,30,2569,0,731,"28,45%",,,,,,à volonté ,,,,0,,,,
,vendredi 21 mars 2025,,31,2569,0,731,"28,45%",,,,,,à volonté ,,,,0,Vitamines,Amin'total ,,
,samedi 22 mars 2025,,32,2569,0,731,"28,45%",,,,,,à volonté ,,,,0,POX,Amin'total ,,
,dimanche 23 mars 2025,,33,2569,0,731,"28,45%",,,,,,à volonté ,,,,0,Vitamines,Amin'total ,,
,lundi 24 mars 2025,,34,2569,0,731,"28,45%",,,,,Transition,à volonté ,,,,0,,,,
,mardi 25 mars 2025,,35,2569,0,731,"28,45%",,,,,Transition,à volonté ,,,,0,,,,
,mercredi 26 mars 2025,6,36,2569,0,731,"28,45%",360,,380,,Transition,à volonté ,,,,0,,,,
,jeudi 27 mars 2025,,37,2569,0,731,"28,45%",,,,,Transition,à volonté ,,,,0,,,,
,vendredi 28 mars 2025,,38,2569,0,731,"28,45%",,,,,PN020F,à volonté ,,,,0,Vitamines,Amin'total ,,
,samedi 29 mars 2025,,39,2569,0,731,"28,45%",,,,,,à volonté ,,,,0,IB - ND,Amin'total ,,
,dimanche 30 mars 2025,,40,2569,0,731,"28,45%",,,,,,à volonté ,,,,0,Vitamines,Amin'total ,,
,lundi 31 mars 2025,,41,2569,1,732,"28,49%",,,,,,à volonté ,,,,0,,,,
POX,mardi 1 avril 2025,,42,2568,0,732,"28,50%",,,,,,à volonté ,,,,0,,,,
,mercredi 2 avril 2025,7,43,2568,1,733,"28,54%",459,,483,,,47,2 fois / jour,"120,696",,0,,,,
,jeudi 3 avril 2025,,44,2567,1,734,"28,59%",,,,,,47,2 fois / jour,"120,649",,0,,,,
,vendredi 4 avril 2025,,45,2566,0,734,"28,60%",,,,,,47,2 fois / jour,"120,602",,0,Vitamines,Vitaflash,,
,samedi 5 avril 2025,,46,2566,0,734,"28,60%",,,,,,47,2 fois / jour,"120,602",,0,FOWL CHOLERA,Vitaflash,,
,dimanche 6 avril 2025,,47,2566,0,734,"28,60%",,,,,,47,2 fois / jour,"120,602",,0,Vitamines,Vitaflash,,
,lundi 7 avril 2025,,48,2566,0,734,"28,60%",,,,,,47,2 fois / jour,"120,602",,0,,,,
,mardi 8 avril 2025,,49,2566,0,734,"28,60%",,,,,,47,2 fois / jour,"120,602",,0,Anticoccidiens + Hépato,Anticox + Antitox,,
,mercredi 9 avril 2025,8,50,2566,0,734,"28,60%",564,,591,,,51,2 fois / jour,"130,866",,0,Anticoccidiens + Hépato,Anticox + Antitox,,
,jeudi 10 avril 2025,,51,2566,0,734,"28,60%",,,,,,51,2 fois / jour,"130,866",,0,Anticoccidiens + Hépato,Anticox + Antitox,,
,vendredi 11 avril 2025,,52,2566,0,734,"28,60%",,,,,,51,2 fois / jour,"130,866",,0,,,,
,samedi 12 avril 2025,,53,2566,0,734,"28,60%",,,,,,51,2 fois / jour,"130,866",,0,,,,
,dimanche 13 avril 2025,,54,2566,0,734,"28,60%",,,,,,51,2 fois / jour,"130,866",,0,,,,
,lundi 14 avril 2025,,55,2566,0,734,"28,60%",,,,,,51,2 fois / jour,"130,866",,0,,,,
,mardi 15 avril 2025,,56,2566,1,735,"28,64%",,,,,,51,2 fois / jour,"130,866",,0,,,,
,mercredi 16 avril 2025,9,57,2565,0,735,"28,65%",671,,702,,,55,2 fois / jour,"141,075",,0,Vermifuge ,,,
,jeudi 17 avril 2025,,58,2565,0,735,"28,65%",,,,,,55,2 fois / jour,"141,075",,0,,,,
,vendredi 18 avril 2025,,59,2565,0,735,"28,65%",,,,,,55,2 fois / jour,"141,075",,0,Vitamines,Amin'total,,
,samedi 19 avril 2025,,60,2565,0,735,"28,65%",,,,,,55,2 fois / jour,"141,075",,0,Vitamines,Amin'total,,
,dimanche 20 avril 2025,,61,2565,0,735,"28,65%",,,,,,55,2 fois / jour,"141,075",,0,Vitamines,Amin'total,,
,lundi 21 avril 2025,,62,2565,0,735,"28,65%",,,,,,55,2 fois / jour,"141,075",,0,Vitamines,Amin'total,,
,mardi 22 avril 2025,,63,2565,0,735,"28,65%",,,,,,55,2 fois / jour,"141,075",,0,,,,
,mercredi 23 avril 2025,10,64,2565,0,735,"28,65%",776,,811,,,59,2 fois / jour,"151,335",,0,,,,
,jeudi 24 avril 2025,,65,2565,0,735,"28,65%",,,,,,59,2 fois / jour,"151,335",,0,,,,
,vendredi 25 avril 2025,,66,2565,0,735,"28,65%",,,,,,59,2 fois / jour,"151,335",,0,,,,
,samedi 26 avril 2025,,67,2565,0,735,"28,65%",,,,,,59,2 fois / jour,"151,335",,0,,,,
,dimanche 27 avril 2025,,68,2565,0,735,"28,65%",,,,,,59,2 fois / jour,"151,335",,0,,,,
,lundi 28 avril 2025,,69,2565,0,735,"28,65%",,,,,Transition,59,2 fois / jour,"151,335",,0,Transition alimentaire ,Amin'total + Carnitol ,,
,mardi 29 avril 2025,,70,2565,0,735,"28,65%",,,,,Transition,59,2 fois / jour,"151,335",,0,,Amin'total + Carnitol ,,
,mercredi 30 avril 2025,11,71,2565,0,735,"28,65%",876,,913,,Transition,62,2 fois / jour,"159,03",,0,,Amin'total + Carnitol ,,
,jeudi 1 mai 2025,,72,2565,0,735,"28,65%",,,,,Transition,62,2 fois / jour,"159,03",,0,,Amin'total + Carnitol ,,
,vendredi 2 mai 2025,,73,2565,0,735,"28,65%",,,,,PN030F,62,2 fois / jour,"159,03",,0,,,,1 g / litre
,samedi 3 mai 2025,,74,2565,0,735,"28,65%",,,,,,62,2 fois / jour,"159,03",,0,FOWL CHOLERA,Vitaflash,,1 g / litre
,dimanche 4 mai 2025,,75,2565,0,735,"28,65%",,,,,,62,2 fois / jour,"159,03",,0,Vitamines,Vitaflash,,1 g / litre
,lundi 5 mai 2025,,76,2565,0,735,"28,65%",,,,,,62,2 fois / jour,"159,03",,0,Vitamines,Vitaflash,,
,mardi 6 mai 2025,,77,2565,0,735,"28,65%",,,,,,62,2 fois / jour,"159,03",,0,,,,
,mercredi 7 mai 2025,12,78,2565,0,735,"28,65%",969,,1009,,,65,2 fois / jour,"166,725",,0,,,,
,jeudi 8 mai 2025,,79,2565,0,735,"28,65%",,,,,,65,2 fois / jour,"166,725",,0,Anticoccidiens + Hépato,Anticox + Antitox,,
,vendredi 9 mai 2025,,80,2565,0,735,"28,65%",,,,,,65,2 fois / jour,"166,725",,0,Anticoccidiens + Hépato,Anticox + Antitox,,
,samedi 10 mai 2025,,81,2565,0,735,"28,65%",,,,,,65,2 fois / jour,"166,725",,0,Anticoccidiens + Hépato,Anticox + Antitox,,
,dimanche 11 mai 2025,,82,2565,0,735,"28,65%",,,,,,65,2 fois / jour,"166,725",,0,,,,
,lundi 12 mai 2025,,83,2565,0,735,"28,65%",,,,,,65,2 fois / jour,"166,725",,0,,,,
,mardi 13 mai 2025,,84,2565,0,735,"28,65%",,,,,,65,2 fois / jour,"166,725",,0,Vitamines,Amin'total,,
,mercredi 14 mai 2025,13,85,2565,0,735,"28,65%",1054,,1099,,,68,2 fois / jour,"174,42",,0,Vitamines,Amin'total,,
,jeudi 15 mai 2025,,86,2565,0,735,"28,65%",,,,,,68,2 fois / jour,"174,42",,0,Vitamines,Amin'total,,
,vendredi 16 mai 2025,,87,2565,0,735,"28,65%",,,,,,68,2 fois / jour,"174,42",,0,Vitamines,Amin'total,,
,samedi 17 mai 2025,,88,2565,0,735,"28,65%",,,,,,68,2 fois / jour,"174,42",,0,Vermifuge ,,,
,dimanche 18 mai 2025,,89,2565,0,735,"28,65%",,,,,,68,2 fois / jour,"174,42",,0,,,,
,lundi 19 mai 2025,,90,2565,0,735,"28,65%",,,,,,68,2 fois / jour,"174,42",,0,,,,
,mardi 20 mai 2025,,91,2565,0,735,"28,65%",,,,,,68,2 fois / jour,"174,42",,0,,,,
,mercredi 21 mai 2025,14,92,2565,0,735,"28,65%",1136,,1186,,,71,2 fois / jour,"182,115",,0,,,,
,jeudi 22 mai 2025,,93,2565,0,735,"28,65%",,,,,,71,2 fois / jour,"182,115",,0,,,,
,vendredi 23 mai 2025,,94,2565,0,735,"28,65%",,,,,,71,2 fois / jour,"182,115",,0,Hépatoprotecteur ,Hepaturyl,,
,samedi 24 mai 2025,,95,2565,0,735,"28,65%",,,,,,71,2 fois / jour,"182,115",,0,Hépatoprotecteur ,Hepaturyl,,
,dimanche 25 mai 2025,,96,2565,1,736,"28,69%",,,,,,71,2 fois / jour,"182,115",,0,Hépatoprotecteur ,Hepaturyl,,
,lundi 26 mai 2025,,97,2564,0,736,"28,71%",,,,,,71,2 fois / jour,"182,044",,0,Vitamines,Biovit amino,,
,mardi 27 mai 2025,,98,2564,0,736,"28,71%",,,,,,71,2 fois / jour,"182,044",,0,Vitamines,Biovit amino,,
,mercredi 28 mai 2025,15,99,2564,0,736,"28,71%",1210,,1265,,,74,2 fois / jour,"189,736",,0,Vitamines,Biovit amino,,
,jeudi 29 mai 2025,,100,2564,0,736,"28,71%",,,,,,74,2 fois / jour,"189,736",,0,,,,
,vendredi 30 mai 2025,,101,2564,0,736,"28,71%",,,,,,74,2 fois / jour,"189,736",,0,,,,
,samedi 31 mai 2025,,102,2564,0,736,"28,71%",,,,,,74,2 fois / jour,"189,736",,0,,,,
,dimanche 1 juin 2025,,103,2564,0,736,"28,71%",,,,,,74,2 fois / jour,"189,736",,0,Vitamines,Amin'total,,
,lundi 2 juin 2025,,104,2564,0,736,"28,71%",,,,,,74,2 fois / jour,"189,736",,0,Vitamines,Amin'total,,
,mardi 3 juin 2025,,105,2564,0,736,"28,71%",,,,,,74,2 fois / jour,"189,736",,0,Vitamines,Amin'total,,
,mercredi 4 juin 2025,16,106,2564,0,736,"28,71%",1277,,1338,,,77,2 fois / jour,"197,428",,0,Vitamines,Amin'total,,
,jeudi 5 juin 2025,,107,2564,0,736,"28,71%",,,,,,77,2 fois / jour,"197,428",,0,,,,
,vendredi 6 juin 2025,,108,2564,0,736,"28,71%",,,,,,77,2 fois / jour,"197,428",,0,,,,
,samedi 7 juin 2025,,109,2564,7,743,"28,98%",,,,,,77,2 fois / jour,"197,428",,0,Vitamines,Amin'total,,
,dimanche 8 juin 2025,,110,2557,0,743,"29,06%",,,,,,77,2 fois / jour,"196,889",,0,Vitamines,Amin'total,,
,lundi 9 juin 2025,,111,2557,0,743,"29,06%",,,,,,77,2 fois / jour,"196,889",,0,Vitamines,Amin'total,,
,mardi 10 juin 2025,,112,2557,0,743,"29,06%",,,,,,77,2 fois / jour,"196,889",,0,Vitamines,Amin'total,,
,mercredi 11 juin 2025,17,113,2557,0,743,"29,06%",1344,,1411,,,85,2 fois / jour,"217,345",,0,,,,
,jeudi 12 juin 2025,,114,2557,0,743,"29,06%",,,,,,85,2 fois / jour,"217,345",,0,,,,
,vendredi 13 juin 2025,,115,2557,0,743,"29,06%",,,,,,85,2 fois / jour,"217,345",,0,Vitamines ,Vitaflash,,
,samedi 14 juin 2025,,116,2557,0,743,"29,06%",,,,,,85,2 fois / jour,"217,345",,0,IB - ND - EDS,Vitaflash,,
,dimanche 15 juin 2025,,117,2557,0,743,"29,06%",,,,,,85,2 fois / jour,"217,345",,0,Vitamines ,Vitaflash,,
,lundi 16 juin 2025,,118,2557,0,743,"29,06%",,,,,,85,2 fois / jour,"217,345",,0,,,,
,mardi 17 juin 2025,,119,2557,0,743,"29,06%",,,,,,85,2 fois / jour,"217,345",,0,,,,
,mercredi 18 juin 2025,18,120,2557,0,743,"29,06%",1402,,1477,,,86,2 fois / jour,"219,902",,0,,,,
,jeudi 19 juin 2025,,121,2557,0,743,"29,06%",,,,,,86,2 fois / jour,"219,902",,0,Hépatoprotecteur ,Antitox,,
,vendredi 20 juin 2025,,122,2557,0,743,"29,06%",,,,,,86,2 fois / jour,"219,902",,0,Hépatoprotecteur ,Antitox,,
,samedi 21 juin 2025,,123,2557,0,743,"29,06%",,,,,,86,2 fois / jour,"219,902",,0,Hépatoprotecteur ,Antitox,,
,dimanche 22 juin 2025,,124,2557,0,743,"29,06%",,,,,,86,2 fois / jour,"219,902",,0,,,,
,lundi 23 juin 2025,,125,2557,1,744,"29,10%",,,,,,86,2 fois / jour,"219,902",,0,,,,
,mardi 24 juin 2025,,126,2556,0,744,"29,11%",,,,,,86,2 fois / jour,"219,816",,0,Vitamines,Amin'total,,
,mercredi 25 juin 2025,19,127,2556,0,744,"29,11%",1455,,1545,,,90,2 fois / jour,"230,04",,0,Vitamines,Amin'total,,
,jeudi 26 juin 2025,,128,2556,0,744,"29,11%",,,,,,90,2 fois / jour,"230,04",,0,Vitamines,Amin'total,,
,vendredi 27 juin 2025,,129,2556,0,744,"29,11%",,,,,,90,2 fois / jour,"230,04",,0,Vitamines,Amin'total,,
,samedi 28 juin 2025,,130,2556,0,744,"29,11%",,,,,,90,2 fois / jour,"230,04",,0,Vermifuge ,,,
,dimanche 29 juin 2025,,131,2556,0,744,"29,11%",,,,,,90,2 fois / jour,"230,04",,0,,,,
,lundi 30 juin 2025,,132,2556,0,744,"29,11%",,,,,,90,2 fois / jour,"230,04",,0,,,,
,mardi 1 juillet 2025,,133,2556,0,744,"29,11%",,,,,,90,2 fois / jour,"230,04",,0,Vitamines,Amin'total,,
,mercredi 2 juillet 2025,20,134,2556,0,744,"29,11%",1580,,,,,96,2 fois / jour,"245,376",,0,Vitamines,Amin'total,,
,jeudi 3 juillet 2025,,135,2556,0,744,"29,11%",,,,,,96,2 fois / jour,"245,376",,0,Vitamines,Amin'total,,
,vendredi 4 juillet 2025,,136,2556,0,744,"29,11%",,,,,,96,2 fois / jour,"245,376",,0,Vitamines,Amin'total,,
,samedi 5 juillet 2025,,137,2556,0,744,"29,11%",,,,,,96,2 fois / jour,"245,376",,0,,,,
,dimanche 6 juillet 2025,,138,2556,0,744,"29,11%",,,,,,96,2 fois / jour,"245,376",,0,,,,
,lundi 7 juillet 2025,,139,2556,0,744,"29,11%",,,,,Transition,96,2 fois / jour,"245,376",,0,Transition alimentaire ,Amin'total + Carnitol ,,
,mardi 8 juillet 2025,,140,2556,0,744,"29,11%",,,,,Transition,96,2 fois / jour,"245,376",,0,,Amin'total + Carnitol ,,
,mercredi 9 juillet 2025,21,141,2556,0,744,"29,11%",1630,,,,Transition,100,2 fois / jour,"255,6",,0,,Amin'total + Carnitol ,,
,jeudi 10 juillet 2025,,142,2556,0,744,"29,11%",,,,,Transition,100,2 fois / jour,"255,6",,0,,Amin'total + Carnitol ,,
,vendredi 11 juillet 2025,,143,2556,0,744,"29,11%",,,,,0210AX ou 0210CX,100,2 fois / jour,"255,6",,0,,,,
,samedi 12 juillet 2025,,144,2556,0,744,"29,11%",,,,,,100,2 fois / jour,"255,6",,0,,,,
,dimanche 13 juillet 2025,,145,2556,0,744,"29,11%",,,,,,100,2 fois / jour,"255,6",,0,,,,
,lundi 14 juillet 2025,,146,2556,0,744,"29,11%",,,,,,100,2 fois / jour,"255,6",,0,,,,
,mardi 15 juillet 2025,,147,2556,0,744,"29,11%",,,,,,100,2 fois / jour,"255,6",,0,,,,
,mercredi 16 juillet 2025,22,148,2556,0,744,"29,11%",1670,,,,,104,2 fois / jour,"265,824",,0,,,,
,jeudi 17 juillet 2025,,149,2556,0,744,"29,11%",,,,,,104,2 fois / jour,"265,824",,0,Hépatoprotecteur ,Ashiliv chick,,
,vendredi 18 juillet 2025,,150,2556,0,744,"29,11%",,,,,,104,2 fois / jour,"265,824",,0,Hépatoprotecteur ,Ashiliv chick,,
,samedi 19 juillet 2025,,151,2556,0,744,"29,11%",,,,,,104,2 fois / jour,"265,824",,0,Hépatoprotecteur ,Ashiliv chick,,
,dimanche 20 juillet 2025,,152,2556,0,744,"29,11%",,,,,,104,2 fois / jour,"265,824",,0,,,,
,lundi 21 juillet 2025,,153,2556,0,744,"29,11%",,,,,,104,2 fois / jour,"265,824",,0,,,,
,mardi 22 juillet 2025,,154,2556,0,744,"29,11%",,,,,,104,2 fois / jour,"265,824",,0,Vitamines,Amin'total,,
,mercredi 23 juillet 2025,23,155,2556,0,744,"29,11%",1710,,,,,108,2 fois / jour,"276,048",,0,Vitamines,Amin'total,,
,jeudi 24 juillet 2025,,156,2556,0,744,"29,11%",,,,,,108,2 fois / jour,"276,048",,0,Vitamines,Amin'total,,
,vendredi 25 juillet 2025,,157,2556,0,744,"29,11%",,,,,,108,2 fois / jour,"276,048",,0,Vitamines,Amin'total,,
,samedi 26 juillet 2025,,158,2556,0,744,"29,11%",,,,,,108,2 fois / jour,"276,048",,0,,,,
,dimanche 27 juillet 2025,,159,2556,0,744,"29,11%",,,,,,108,2 fois / jour,"276,048",,0,,,,
,lundi 28 juillet 2025,,160,2556,0,744,"29,11%",,,,,,108,2 fois / jour,"276,048",,0,Vitamines,Amin'total,,
,mardi 29 juillet 2025,,161,2556,0,744,"29,11%",,,,,,108,2 fois / jour,"276,048",,0,Vitamines,Amin'total,,
,mercredi 30 juillet 2025,24,162,2556,0,744,"29,11%",1735,,,,,112,2 fois / jour,"286,272",,0,Vitamines,Amin'total,,
,jeudi 31 juillet 2025,,163,2556,0,744,"29,11%",,,,,,112,2 fois / jour,"286,272",,0,Vitamines,Amin'total,,
,vendredi 1 août 2025,,164,2556,0,744,"29,11%",,,,,,112,2 fois / jour,"286,272",,0,,,,
,samedi 2 août 2025,,165,2556,0,744,"29,11%",,,,,,112,2 fois / jour,"286,272",,0,,,,
,dimanche 3 août 2025,,166,2556,1,745,"29,15%",,,,,,112,2 fois / jour,"286,272",,0,,,,
,lundi 4 août 2025,,167,2555,1,746,"29,20%",,,,,,112,2 fois / jour,"286,16",,0,Vitamines,Amin'total,,
,mardi 5 août 2025,,168,2554,1,747,"29,25%",,,,,,112,2 fois / jour,"286,048",,0,Vitamines,Amin'total,,
,mercredi 6 août 2025,25,169,2553,0,747,"29,26%",1760,,,,,113,2 fois / jour,"288,489",,0,Vitamines,Amin'total,,
,jeudi 7 août 2025,,170,2553,0,747,"29,26%",,,,,,113,2 fois / jour,"288,489",,0,Vitamines,Amin'total,,
,vendredi 8 août 2025,,171,2553,0,747,"29,26%",,,,,,113,2 fois / jour,"288,489",,0,,,,
,samedi 9 août 2025,,172,2553,0,747,"29,26%",,,,,,113,2 fois / jour,"288,489",,0,,,,
,dimanche 10 août 2025,,173,2553,0,747,"29,26%",,,,,,113,2 fois / jour,"288,489",,0,Vitamines,Amin'total,,
,lundi 11 août 2025,,174,2553,1,748,"29,30%",,,,,,113,2 fois / jour,"288,489",,0,Vitamines,Amin'total,,
,mardi 12 août 2025,,175,2552,0,748,"29,31%",,,,,,113,2 fois / jour,"288,376",,0,Vitamines,Amin'total,,
,mercredi 13 août 2025,26,176,2552,0,748,"29,31%",1772,,,,,114,2 fois / jour,"290,928",,0,Vitamines,Amin'total,,
,jeudi 14 août 2025,,177,2552,0,748,"29,31%",,,,,,114,2 fois / jour,"290,928",,0,,,,
,vendredi 15 août 2025,,178,2552,0,748,"29,31%",,,,,,114,2 fois / jour,"290,928",,0,Hépatoprotecteur ,Ashiliv chick,,
,samedi 16 août 2025,,179,2552,0,748,"29,31%",,,,,,114,2 fois / jour,"290,928",,0,Hépatoprotecteur ,Ashiliv chick,,
,dimanche 17 août 2025,,180,2552,0,748,"29,31%",,,,,,114,2 fois / jour,"290,928",,0,Hépatoprotecteur ,Ashiliv chick,,
,lundi 18 août 2025,,181,2552,0,748,"29,31%",,,,,,114,2 fois / jour,"290,928",,0,Hépatoprotecteur ,Ashiliv chick,,
,mardi 19 août 2025,,182,2552,0,748,"29,31%",,,,,,114,2 fois / jour,"290,928",,0,Hépatoprotecteur ,Ashiliv chick,,
,mercredi 20 août 2025,27,183,2552,0,748,"29,31%",1784,,,,,115,2 fois / jour,"293,48",,0,Hépatoprotecteur ,Ashiliv chick,,
,jeudi 21 août 2025,,184,2552,0,748,"29,31%",,,,,,115,2 fois / jour,"293,48",,0,,,,
,vendredi 22 août 2025,,185,2552,1,749,"29,35%",,,,,,115,2 fois / jour,"293,48",,0,,,,
,samedi 23 août 2025,,186,2551,1,750,"29,40%",,,,,,115,2 fois / jour,"293,365",,0,,,,
,dimanche 24 août 2025,,187,2550,0,750,"29,41%",,,,,,115,2 fois / jour,"293,25",,0,Vitamines,Amin'total,,
,lundi 25 août 2025,,188,2550,0,750,"29,41%",,,,,,115,2 fois / jour,"293,25",,0,Vitamines,Amin'total,,
,mardi 26 août 2025,,189,2550,,750,"29,41%",,,,,,115,2 fois / jour,"293,25",,0,Vitamines,Amin'total,,
,mercredi 27 août 2025,28,190,2550,,750,"29,41%",,,,,0210AX ou 0210CX,115,3 fois / jour,"293,25",,0,Vitamines,Amin'total,,
,jeudi 28 août 2025,,191,2550,,750,"29,41%",,,,,,115,4 fois / jour,"293,25",,0,,,,
,vendredi 29 août 2025,,192,2550,,750,"29,41%",,,,,,115,5 fois / jour,"293,25",,0,,,,
,samedi 30 août 2025,,193,2550,,750,"29,41%",,,,,,115,6 fois / jour,"293,25",,0,Vitamines,Amin'total,,
,dimanche 31 août 2025,,194,2550,,750,"29,41%",,,,,,115,7 fois / jour,"293,25",,0,Vitamines,Amin'total,,
,lundi 1 septembre 2025,,195,2550,,750,"29,41%",,,,,,115,8 fois / jour,"293,25",,0,Vitamines,Amin'total,,
,mardi 2 septembre 2025,,196,2550,,750,"29,41%",,,,,,115,9 fois / jour,"293,25",,0,Vitamines,Amin'total,,
,mercredi 3 septembre 2025,29,197,2550,,750,"29,41%",,,,,,115,10 fois / jour,"293,25",,0,,,,
,jeudi 4 septembre 2025,,198,2550,,750,"29,41%",,,,,,115,11 fois / jour,"293,25",,0,,,,
,vendredi 5 septembre 2025,,199,2550,,750,"29,41%",,,,,,115,12 fois / jour,"293,25",,0,,,,
,samedi 6 septembre 2025,,200,2550,,750,"29,41%",,,,,,115,13 fois / jour,"293,25",,0,Vitamines,Amin'total,,
,dimanche 7 septembre 2025,,201,2550,,750,"29,41%",,,,,,115,14 fois / jour,"293,25",,0,Vitamines,Amin'total,,
,lundi 8 septembre 2025,,202,2550,,750,"29,41%",,,,,,115,15 fois / jour,"293,25",,0,Vitamines,Amin'total,,
,mardi 9 septembre 2025,,203,2550,,750,"29,41%",,,,,,115,16 fois / jour,"293,25",,0,Vitamines,Amin'total,,
,mercredi 10 septembre 2025,30,204,2550,,750,"29,41%",,,,,,115,17 fois / jour,"293,25",,0,,,,
,jeudi 11 septembre 2025,,205,2550,,750,"29,41%",,,,,,115,18 fois / jour,"293,25",,0,,,,
,vendredi 12 septembre 2025,,206,2550,,750,"29,41%",,,,,,115,19 fois / jour,"293,25",,0,Vitamines,Amin'total,,
,samedi 13 septembre 2025,,207,2550,,750,"29,41%",,,,,,115,20 fois / jour,"293,25",,0,Vitamines,Amin'total,,
,dimanche 14 septembre 2025,,208,2550,2,752,"29,49%",,,,,,115,21 fois / jour,"293,25",,0,Vitamines,Amin'total,,
,lundi 15 septembre 2025,,209,2548,,752,"29,51%",,,,,,115,22 fois / jour,"293,02",,0,Vitamines,Amin'total,,
,mardi 16 septembre 2025,,210,2548,,752,"29,51%",,,,,,115,23 fois / jour,"293,02",,0,Hépatoprotecteur ,Ashiliv chick,,
,mercredi 17 septembre 2025,31,211,2548,,752,"29,51%",,,,,,115,24 fois / jour,"293,02",,0,Hépatoprotecteur ,Ashiliv chick,,
,jeudi 18 septembre 2025,,212,2548,,752,"29,51%",,,,,,115,25 fois / jour,"293,02",,0,Hépatoprotecteur ,Ashiliv chick,,
,vendredi 19 septembre 2025,,213,2548,,752,"29,51%",,,,,,115,26 fois / jour,"293,02",,0,Hépatoprotecteur ,Ashiliv chick,,
,samedi 20 septembre 2025,,214,2548,,752,"29,51%",,,,,,115,27 fois / jour,"293,02",,0,Hépatoprotecteur ,Ashiliv chick,,
,dimanche 21 septembre 2025,,215,2548,,752,"29,51%",,,,,,115,28 fois / jour,"293,02",,0,Hépatoprotecteur ,Ashiliv chick,,
,lundi 22 septembre 2025,,216,2548,,752,"29,51%",,,,,,115,29 fois / jour,"293,02",,0,,,,
,mardi 23 septembre 2025,,217,2548,,752,"29,51%",,,,,,115,30 fois / jour,"293,02",,0,,,,
,mercredi 24 septembre 2025,32,218,2548,,752,"29,51%",,,,,,115,31 fois / jour,"293,02",,0,Vitamines,Amin'total,,
,jeudi 25 septembre 2025,,219,2548,,752,"29,51%",,,,,,115,32 fois / jour,"293,02",,0,Vitamines,Amin'total,,
,vendredi 26 septembre 2025,,220,2548,,752,"29,51%",,,,,,115,33 fois / jour,"293,02",,0,Vitamines,Amin'total,,
,samedi 27 septembre 2025,,221,2548,,752,"29,51%",,,,,,115,34 fois / jour,"293,02",,0,Vitamines,Amin'total,,
,dimanche 28 septembre 2025,,222,2548,,752,"29,51%",,,,,,115,35 fois / jour,"293,02",,0,,,,
,lundi 29 septembre 2025,,223,2548,,752,"29,51%",,,,,,115,36 fois / jour,"293,02",,0,,,,
,mardi 30 septembre 2025,,224,2548,1,753,"29,55%",,,,,,115,37 fois / jour,"293,02",,0,Vitamines,Amin'total,,
,mercredi 1 octobre 2025,33,225,2547,1,754,"29,60%",,,,,,115,38 fois / jour,"292,905",,0,Vitamines,Amin'total,,
,jeudi 2 octobre 2025,,226,2546,,754,"29,62%",,,,,,115,39 fois / jour,"292,79",,0,Vitamines,Amin'total,,
,vendredi 3 octobre 2025,,227,2546,,754,"29,62%",,,,,,115,40 fois / jour,"292,79",,0,Vitamines,Amin'total,,
,samedi 4 octobre 2025,,228,2546,,754,"29,62%",,,,,,115,41 fois / jour,"292,79",,0,,,,
,dimanche 5 octobre 2025,,229,2546,,754,"29,62%",,,,,,115,42 fois / jour,"292,79",,0,,,,
,lundi 6 octobre 2025,,230,2546,,754,"29,62%",,,,,,115,43 fois / jour,"292,79",,0,Vitamines,Amin'total,,
,mardi 7 octobre 2025,,231,2546,,754,"29,62%",,,,,,115,44 fois / jour,"292,79",,0,Vitamines,Amin'total,,
,mercredi 8 octobre 2025,34,232,2546,,754,"29,62%",,,,,,115,45 fois / jour,"292,79",,0,Vitamines,Amin'total,,
,jeudi 9 octobre 2025,,233,2546,2,756,"29,69%",,,,,,115,46 fois / jour,"292,79",,0,Vitamines,Amin'total,,
,vendredi 10 octobre 2025,,234,2544,1,757,"29,76%",,,,,,115,47 fois / jour,"292,56",,0,,,,
,samedi 11 octobre 2025,,235,2543,1,758,"29,81%",,,,,,115,48 fois / jour,"292,445",,0,,,,
,dimanche 12 octobre 2025,,236,2542,,758,"29,82%",,,,,,115,49 fois / jour,"292,33",,0,Vitamines,Amin'total,,
,lundi 13 octobre 2025,,237,2542,,758,"29,82%",,,,,0210AX ou 0210CX,115,50 fois / jour,"292,33",,0,Vitamines,Amin'total,,
,mardi 14 octobre 2025,,238,2542,,758,"29,82%",,,,,,115,51 fois / jour,"292,33",,0,Vitamines,Amin'total,,
,mercredi 15 octobre 2025,35,239,2542,,758,"29,82%",,,,,,115,52 fois / jour,"292,33",,0,Vitamines,Amin'total,,
,jeudi 16 octobre 2025,,240,2542,,758,"29,82%",,,,,,115,53 fois / jour,"292,33",,0,,,,
,vendredi 17 octobre 2025,,241,2542,,758,"29,82%",,,,,,115,54 fois / jour,"292,33",,0,,,,
,samedi 18 octobre 2025,,242,2542,1,759,"29,86%",,,,,,115,55 fois / jour,"292,33",,0,Hépatoprotecteur ,Ashiliv chick,,
,dimanche 19 octobre 2025,,243,2541,1,760,"29,91%",,,,,,115,56 fois / jour,"292,215",,0,Hépatoprotecteur ,Ashiliv chick,,
,lundi 20 octobre 2025,,244,2540,,760,"29,92%",,,,,,115,57 fois / jour,"292,1",,0,Hépatoprotecteur ,Ashiliv chick,,
,mardi 21 octobre 2025,,245,2540,,760,"29,92%",,,,,,115,58 fois / jour,"292,1",,0,Hépatoprotecteur ,Ashiliv chick,,
,mercredi 22 octobre 2025,36,246,2540,,760,"29,92%",,,,,,115,59 fois / jour,"292,1",,0,Hépatoprotecteur ,Ashiliv chick,,
,jeudi 23 octobre 2025,,247,2540,1,761,"29,96%",,,,,,115,60 fois / jour,"292,1",,0,Hépatoprotecteur ,Ashiliv chick,,
,vendredi 24 octobre 2025,,248,2539,,761,"29,97%",,,,,,115,61 fois / jour,"291,985",,0,,,,
,samedi 25 octobre 2025,,249,2539,,761,"29,97%",,,,,,115,62 fois / jour,"291,985",,0,,,,
,dimanche 26 octobre 2025,,250,2539,,761,"29,97%",,,,,,115,63 fois / jour,"291,985",,0,Vitamines,Amin'total,,
,lundi 27 octobre 2025,,251,2539,,761,"29,97%",,,,,,115,64 fois / jour,"291,985",,0,Vitamines,Amin'total,,
,mardi 28 octobre 2025,,252,2539,1,762,"30,01%",,,,,,115,65 fois / jour,"291,985",,0,Vitamines,Amin'total,,
,mercredi 29 octobre 2025,37,253,2538,,762,"30,02%",,,,,,115,66 fois / jour,"291,87",,0,Vitamines,Amin'total,,
,jeudi 30 octobre 2025,,254,2538,,762,"30,02%",,,,,,115,67 fois / jour,"291,87",,0,,,,
,vendredi 31 octobre 2025,,255,2538,,762,"30,02%",,,,,,115,68 fois / jour,"291,87",,0,,,,
,samedi 1 novembre 2025,,256,2538,,762,"30,02%",,,,,,115,69 fois / jour,"291,87",,0,Vitamines,Amin'total,,
,dimanche 2 novembre 2025,,257,2538,3,765,"30,14%",,,,,,115,70 fois / jour,"291,87",,0,Vitamines,Amin'total,,
,lundi 3 novembre 2025,,258,2535,,765,"30,18%",,,,,,115,71 fois / jour,"291,525",,0,Vitamines,Amin'total,,
,mardi 4 novembre 2025,,259,2535,1,766,"30,22%",,,,,,115,72 fois / jour,"291,525",,0,Vitamines,Amin'total,,
,mercredi 5 novembre 2025,38,260,2534,1,767,"30,27%",,,,,,115,73 fois / jour,"291,41",,0,,,,
,jeudi 6 novembre 2025,,261,2533,,767,"30,28%",,,,,,115,74 fois / jour,"291,295",,0,,,,
,vendredi 7 novembre 2025,,262,2533,,767,"30,28%",,,,,,115,75 fois / jour,"291,295",,0,Vitamines,Amin'total,,
,samedi 8 novembre 2025,,263,2533,,767,"30,28%",,,,,,115,76 fois / jour,"291,295",,0,Vitamines,Amin'total,,
,dimanche 9 novembre 2025,,264,2533,1,768,"30,32%",,,,,,115,77 fois / jour,"291,295",,0,Vitamines,Amin'total,,
,lundi 10 novembre 2025,,265,2532,,768,"30,33%",,,,,,115,78 fois / jour,"291,18",,0,Vitamines,Amin'total,,
,mardi 11 novembre 2025,,266,2532,1,769,"30,37%",,,,,,115,79 fois / jour,"291,18",,0,,,,
,mercredi 12 novembre 2025,39,267,2531,,769,"30,38%",,,,,,115,80 fois / jour,"291,065",,0,,,,
,jeudi 13 novembre 2025,,268,2531,2,771,"30,46%",,,,,,115,81 fois / jour,"291,065",,0,Vitamines,Amin'total,,
,vendredi 14 novembre 2025,,269,2529,1,772,"30,53%",,,,,,115,82 fois / jour,"290,835",,0,Vitamines,Amin'total,,
,samedi 15 novembre 2025,,270,2528,1,773,"30,58%",,,,,,115,83 fois / jour,"290,72",,0,Vitamines,Amin'total,,
,dimanche 16 novembre 2025,,271,2527,,773,"30,59%",,,,,,115,84 fois / jour,"290,605",,0,Vitamines,Amin'total,,
,lundi 17 novembre 2025,,272,2527,1,774,"30,63%",,,,,,115,85 fois / jour,"290,605",,0,,,,
,mardi 18 novembre 2025,,273,2526,,774,"30,64%",,,,,,115,86 fois / jour,"290,49",,0,,,,
,mercredi 19 novembre 2025,40,274,2526,2,776,"30,72%",,,,,,115,87 fois / jour,"290,49",,0,Hépatoprotecteur ,Ashiliv chick,,
,jeudi 20 novembre 2025,,275,2524,,776,"30,74%",,,,,,115,88 fois / jour,"290,26",,0,Hépatoprotecteur ,Ashiliv chick,,
,vendredi 21 novembre 2025,,276,2524,,776,"30,74%",,,,,,115,89 fois / jour,"290,26",,0,Hépatoprotecteur ,Ashiliv chick,,
,samedi 22 novembre 2025,,277,2524,1,777,"30,78%",,,,,,115,90 fois / jour,"290,26",,0,Hépatoprotecteur ,Ashiliv chick,,
,dimanche 23 novembre 2025,,278,2523,,777,"30,80%",,,,,,115,91 fois / jour,"290,145",,0,Hépatoprotecteur ,Ashiliv chick,,
,lundi 24 novembre 2025,,279,2523,73,850,"33,69%",,,,,,115,92 fois / jour,"290,145",,0,Hépatoprotecteur ,Ashiliv chick,,
,mardi 25 novembre 2025,,280,2450,2,852,"34,78%",,,,,,115,93 fois / jour,"281,75",,0,,,,
,mercredi 26 novembre 2025,41,281,2448,3,855,"34,93%",,,,,,115,94 fois / jour,"281,52",,0,,,,
,jeudi 27 novembre 2025,,282,2445,1,856,"35,01%",,,,,,115,95 fois / jour,"281,175",,0,Vitamines,Amin'total,,
,vendredi 28 novembre 2025,,283,2444,2,858,"35,11%",,,,,,115,96 fois / jour,"281,06",,0,Vitamines,Amin'total,,
,samedi 29 novembre 2025,,284,2442,1,859,"35,18%",,,,,0210AX ou 0210CX,115,97 fois / jour,"280,83",,0,Vitamines,Amin'total,,
,dimanche 30 novembre 2025,,285,2441,,859,"35,19%",,,,,,115,98 fois / jour,"280,715",,0,Vitamines,Amin'total,,
,lundi 1 décembre 2025,,286,2441,,859,"35,19%",,,,,,115,99 fois / jour,"280,715",,0,,,,
,mardi 2 décembre 2025,,287,2441,3,862,"35,31%",,,,,,115,100 fois / jour,"280,715",,0,,,,
,mercredi 3 décembre 2025,42,288,2438,,862,"35,36%",,,,,,115,101 fois / jour,"280,37",,0,Vitamines,Amin'total,,
,jeudi 4 décembre 2025,,289,2438,,862,"35,36%",,,,,,115,102 fois / jour,"280,37",,0,Vitamines,Amin'total,,
,vendredi 5 décembre 2025,,290,2438,,862,"35,36%",102,,,,,115,103 fois / jour,"280,37",,0,Vitamines,Amin'total,,
,samedi 6 décembre 2025,,291,2438,,862,"35,36%",,,,,,115,104 fois / jour,"280,37",,0,Vitamines,Amin'total,,
,dimanche 7 décembre 2025,,292,2438,,862,"35,36%",,,,,,115,105 fois / jour,"280,37",,0,,,,
,lundi 8 décembre 2025,,293,2438,,862,"35,36%",,,,,,115,106 fois / jour,"280,37",,0,,,,
,mardi 9 décembre 2025,,294,2438,,862,"35,36%",,,,,,115,107 fois / jour,"280,37",,0,Vitamines,Amin'total,,
,mercredi 10 décembre 2025,43,295,2438,,862,"35,36%",,,,,,115,108 fois / jour,"280,37",,0,Vitamines,Amin'total,,
,jeudi 11 décembre 2025,,296,2438,,862,"35,36%",,,,,,115,109 fois / jour,"280,37",,0,Vitamines,Amin'total,,
,vendredi 12 décembre 2025,,297,2438,,862,"35,36%",,,,,,115,110 fois / jour,"280,37",,0,Vitamines,Amin'total,,
,samedi 13 décembre 2025,,298,2438,1,863,"35,40%",,,,,,115,111 fois / jour,"280,37",,0,,,,
,dimanche 14 décembre 2025,,299,2437,,863,"35,41%",,,,,,115,112 fois / jour,"280,255",,0,,,,
,lundi 15 décembre 2025,,300,2437,1,864,"35,45%",,,,,,115,113 fois / jour,"280,255",,0,Vitamines,Amin'total,,
,mardi 16 décembre 2025,,301,2436,,864,"35,47%",,,,,,115,114 fois / jour,"280,14",,0,Vitamines,Amin'total,,
,mercredi 17 décembre 2025,44,302,2436,,864,"35,47%",,,,,,115,115 fois / jour,"280,14",,0,Vitamines,Amin'total,,
,jeudi 18 décembre 2025,,303,2436,,864,"35,47%",,,,,,115,116 fois / jour,"280,14",,0,Vitamines,Amin'total,,
,vendredi 19 décembre 2025,,304,2436,1,865,"35,51%",,,,,,115,117 fois / jour,"280,14",,0,,,,
,samedi 20 décembre 2025,,305,2435,,865,"35,52%",,,,,,115,118 fois / jour,"280,025",,0,,,,
,dimanche 21 décembre 2025,,306,2435,,865,"35,52%",,,,,,115,119 fois / jour,"280,025",,0,Hépatoprotecteur ,Ashiliv chick,,
,lundi 22 décembre 2025,,307,2435,,865,"35,52%",,,,,,115,120 fois / jour,"280,025",,0,Hépatoprotecteur ,Ashiliv chick,,
,mardi 23 décembre 2025,,308,2435,,865,"35,52%",,,,,,115,121 fois / jour,"280,025",,0,Hépatoprotecteur ,Ashiliv chick,,
,mercredi 24 décembre 2025,45,309,2435,,865,"35,52%",,,,,,115,122 fois / jour,"280,025",,0,Hépatoprotecteur ,Ashiliv chick,,
,jeudi 25 décembre 2025,,310,2435,,865,"35,52%",,,,,,115,123 fois / jour,"280,025",,0,Hépatoprotecteur ,Ashiliv chick,,
,vendredi 26 décembre 2025,,311,2435,,865,"35,52%",,,,,,115,124 fois / jour,"280,025",,0,Hépatoprotecteur ,Ashiliv chick,,
,samedi 27 décembre 2025,,312,2435,,865,"35,52%",,,,,,115,125 fois / jour,"280,025",,0,,,,
,dimanche 28 décembre 2025,,313,2435,,865,"35,52%",,,,,,115,126 fois / jour,"280,025",,0,,,,
,lundi 29 décembre 2025,,314,2435,,865,"35,52%",,,,,,115,127 fois / jour,"280,025",,0,Vitamines,Amin'total,,
,mardi 30 décembre 2025,,315,2435,,865,"35,52%",,,,,,115,128 fois / jour,"280,025",,0,Vitamines,Amin'total,,
,mercredi 31 décembre 2025,46,316,2435,,865,"35,52%",,,,,,115,129 fois / jour,"280,025",,0,Vitamines,Amin'total,,
,jeudi 1 janvier 2026,,317,2435,,865,"35,52%",,,,,,115,130 fois / jour,"280,025",,0,Vitamines,Amin'total,,
,vendredi 2 janvier 2026,,318,2435,,865,"35,52%",,,,,,115,131 fois / jour,"280,025",,0,,,,
,samedi 3 janvier 2026,,319,2435,,865,"35,52%",,,,,,115,132 fois / jour,"280,025",,0,,,,
,dimanche 4 janvier 2026,,320,2435,,865,"35,52%",,,,,,115,133 fois / jour,"280,025",,0,,,,
,lundi 5 janvier 2026,,321,2435,,865,"35,52%",,,,,,115,134 fois / jour,"280,025",,0,,,,
,mardi 6 janvier 2026,,322,2435,,865,"35,52%",,,,,,115,135 fois / jour,"280,025",,0,,,,
,mercredi 7 janvier 2026,47,323,2435,,865,"35,52%",,,,,,115,136 fois / jour,"280,025",,0,,,,
,jeudi 8 janvier 2026,,324,2435,,865,"35,52%",,,,,,115,137 fois / jour,"280,025",,0,,,,
,vendredi 9 janvier 2026,,325,2435,,865,"35,52%",,,,,,115,138 fois / jour,"280,025",,0,Vitamines,BioVit,,
,samedi 10 janvier 2026,,326,2435,,865,"35,52%",,,,,,115,139 fois / jour,"280,025",,0,Vitamines,BioVit,,
,dimanche 11 janvier 2026,,327,2435,1,866,"35,56%",,,,,,115,140 fois / jour,"280,025",,0,Vitamines,BioVit,,
,lundi 12 janvier 2026,,328,2434,1,867,"35,62%",,,,,,115,141 fois / jour,"279,91",,0,Vitamines,BioVit,,
,mardi 13 janvier 2026,,329,2433,,867,"35,64%",,,,,,115,142 fois / jour,"279,795",,0,,,,
,mercredi 14 janvier 2026,48,330,2433,1,868,"35,68%",,,,,,115,143 fois / jour,"279,795",,0,,,,
,jeudi 15 janvier 2026,,331,2432,1,869,"35,73%",,,,,0210AX ou 0210CX,115,144 fois / jour,"279,68",,0,,,,
,vendredi 16 janvier 2026,,332,2431,1,870,"35,79%",,,,,,115,145 fois / jour,"279,565",,0,,,,
,samedi 17 janvier 2026,,333,2430,,870,"35,80%",,,,,,115,146 fois / jour,"279,45",,0,,,,
,dimanche 18 janvier 2026,,334,2430,1,871,"35,84%",,,,,,115,147 fois / jour,"279,45",,0,,,,
,lundi 19 janvier 2026,,335,2429,1,872,"35,90%",,,,,,115,148 fois / jour,"279,335",,0,,,,
,mardi 20 janvier 2026,,336,2428,,872,"35,91%",,,,,,115,149 fois / jour,"279,22",,0,,,,
,mercredi 21 janvier 2026,49,337,2428,,872,"35,91%",,,,,,115,150 fois / jour,"279,22",,0,,,,
,jeudi 22 janvier 2026,,338,2428,,872,"35,91%",,,,,,115,151 fois / jour,"279,22",,0,Hépatoprotecteur ,Ashiliv chick,,
,vendredi 23 janvier 2026,,339,2428,,872,"35,91%",,,,,,115,152 fois / jour,"279,22",,0,Hépatoprotecteur ,Ashiliv chick,,
,samedi 24 janvier 2026,,340,2428,,872,"35,91%",,,,,,115,153 fois / jour,"279,22",,0,Hépatoprotecteur ,Ashiliv chick,,
,dimanche 25 janvier 2026,,341,2428,1,873,"35,96%",,,,,,115,154 fois / jour,"279,22",,0,Hépatoprotecteur ,Ashiliv chick,,
,lundi 26 janvier 2026,,342,2427,2,875,"36,05%",,,,,,115,155 fois / jour,"279,105",,0,Hépatoprotecteur ,Ashiliv chick,,
,mardi 27 janvier 2026,,343,2425,1,876,"36,12%",,,,,,115,156 fois / jour,"278,875",,0,Hépatoprotecteur ,Ashiliv chick,,
,mercredi 28 janvier 2026,50,344,2424,1,877,"36,18%",,,,,,115,157 fois / jour,"278,76",,0,,,,
,jeudi 29 janvier 2026,,345,2423,1,878,"36,24%",,,,,,115,158 fois / jour,"278,645",,0,,,,
,vendredi 30 janvier 2026,,346,2422,1,879,"36,29%",,,,,,115,159 fois / jour,"278,53",,0,,,,
,samedi 31 janvier 2026,,347,2421,,879,"36,31%",,,,,,115,160 fois / jour,"278,415",,0,,,,
,dimanche 1 février 2026,,348,2421,,879,"36,31%",,,,,,115,161 fois / jour,"278,415",,0,,,,
,lundi 2 février 2026,,349,2421,1,880,"36,35%",,,,,,115,162 fois / jour,"278,415",,0,,,,
,mardi 3 février 2026,,350,2420,,880,"36,36%",,,,,,115,163 fois / jour,"278,3",,0,,,,
,mercredi 4 février 2026,51,351,2420,,880,"36,36%",,,,,,115,164 fois / jour,"278,3",,0,Vitamines,BioVit,,
,jeudi 5 février 2026,,352,2420,,880,"36,36%",,,,,,115,165 fois / jour,"278,3",,0,Vitamines,BioVit,,
,vendredi 6 février 2026,,353,2420,1,881,"36,40%",,,,,,115,166 fois / jour,"278,3",,0,Vitamines,BioVit,,
,samedi 7 février 2026,,354,2419,,881,"36,42%",,,,,,115,167 fois / jour,"278,185",,0,Vitamines,BioVit,,
,dimanche 8 février 2026,,355,2419,,881,"36,42%",,,,,,115,168 fois / jour,"278,185",,0,,,,
,lundi 9 février 2026,,356,2419,,881,"36,42%",,,,,,115,169 fois / jour,"278,185",,0,,,,
,mardi 10 février 2026,,357,2419,,881,"36,42%",,,,,,115,170 fois / jour,"278,185",,0,,,,
,mercredi 11 février 2026,52,358,2419,,881,"36,42%",,,,,,115,171 fois / jour,"278,185",,0,,,,
,jeudi 12 février 2026,,359,2419,,881,"36,42%",,,,,,115,172 fois / jour,"278,185",,0,,,,
,vendredi 13 février 2026,,360,2419,2,883,"36,50%",,,,,,115,173 fois / jour,"278,185",,0,,,,
,samedi 14 février 2026,,361,2417,2,885,"36,62%",,,,,,115,174 fois / jour,"277,955",,0,,,,
,dimanche 15 février 2026,,362,2415,1,886,"36,69%",,,,,,115,175 fois / jour,"277,725",,0,,,,
,lundi 16 février 2026,,363,2414,2,888,"36,79%",,,,,,115,176 fois / jour,"277,61",,0,,,,
,mardi 17 février 2026,,364,2412,,888,"36,82%",,,,,,115,177 fois / jour,"277,38",,0,Hépatoprotecteur ,Ashiliv chick,,
,mercredi 18 février 2026,53,365,2412,,888,"36,82%",,,,,,115,178 fois / jour,"277,38",,0,Hépatoprotecteur ,Ashiliv chick,,
,jeudi 19 février 2026,,366,2412,,888,"36,82%",,,,,,115,179 fois / jour,"277,38",,0,Hépatoprotecteur ,Ashiliv chick,,
,vendredi 20 février 2026,,367,2412,,888,"36,82%",,,,,,115,180 fois / jour,"277,38",,0,Hépatoprotecteur ,Ashiliv chick,,
,samedi 21 février 2026,,368,2412,1,889,"36,86%",,,,,,115,181 fois / jour,"277,38",,0,Hépatoprotecteur ,Ashiliv chick,,
,dimanche 22 février 2026,,369,2411,2,891,"36,96%",,,,,,115,182 fois / jour,"277,265",,0,Hépatoprotecteur ,Ashiliv chick,,
,lundi 23 février 2026,,370,2409,,891,"36,99%",,,,,,115,183 fois / jour,"277,035",,0,,,,
,mardi 24 février 2026,,371,2409,2,893,"37,07%",,,,,,115,184 fois / jour,"277,035",,0,,,,
,mercredi 25 février 2026,54,372,2407,2,895,"37,18%",,,,,,115,185 fois / jour,"276,805",,0,,,,
,jeudi 26 février 2026,,373,2405,5,900,"37,42%",,,,,,115,186 fois / jour,"276,575",,0,,,,
,vendredi 27 février 2026,,374,2400,1,901,"37,54%",,,,,,115,187 fois / jour,276,,0,,,,
,samedi 28 février 2026,,375,2399,,901,"37,56%",,,,,,115,188 fois / jour,"275,885",,0,,,,
,dimanche 1 mars 2026,,376,2399,3,904,"37,68%",,,,,,115,189 fois / jour,"275,885",,0,,,,
,lundi 2 mars 2026,,377,2396,,904,"37,73%",,,,,,115,190 fois / jour,"275,54",,0,Vitamines,BioVit,,
,mardi 3 mars 2026,,378,2396,,904,"37,73%",,,,,0210AX ou 0210CX,115,191 fois / jour,"275,54",,0,Vitamines,BioVit,,
,mercredi 4 mars 2026,55,379,2396,2,906,"37,81%",,,,,,115,192 fois / jour,"275,54",,0,Vitamines,BioVit,,
,jeudi 5 mars 2026,,380,2394,1,907,"37,89%",,,,,,115,193 fois / jour,"275,31",,0,Vitamines,BioVit,,
,vendredi 6 mars 2026,,381,2393,,907,"37,90%",,,,,,115,194 fois / jour,"275,195",,0,,,,
,samedi 7 mars 2026,,382,2393,,907,"37,90%",,,,,,115,195 fois / jour,"275,195",,0,,,,
,dimanche 8 mars 2026,,383,2393,,907,"37,90%",,,,,,115,196 fois / jour,"275,195",,0,,,,
,lundi 9 mars 2026,,384,2393,,907,"37,90%",,,,,,115,197 fois / jour,"275,195",,0,,,,
,mardi 10 mars 2026,,385,2393,1,908,"37,94%",,,,,,115,198 fois / jour,"275,195",,0,,,,
,mercredi 11 mars 2026,56,386,2392,1,909,"38,00%",,,,,,115,199 fois / jour,"275,08",,0,,,,
,jeudi 12 mars 2026,,387,2391,1,910,"38,06%",,,,,,115,200 fois / jour,"274,965",,0,,,,
,vendredi 13 mars 2026,,388,2390,,910,"38,08%",,,,,,115,201 fois / jour,"274,85",,0,,,,
,samedi 14 mars 2026,,389,2390,,910,"38,08%",,,,,,115,202 fois / jour,"274,85",,0,,,,
,dimanche 15 mars 2026,,390,2390,3,913,"38,20%",,,,,,115,203 fois / jour,"274,85",,0,Hépatoprotecteur ,Ashiliv chick,,
,lundi 16 mars 2026,,391,2387,2,915,"38,33%",,,,,,115,204 fois / jour,"274,505",,0,Hépatoprotecteur ,Ashiliv chick,,
,mardi 17 mars 2026,,392,2385,1,916,"38,41%",,,,,,115,205 fois / jour,"274,275",,0,Hépatoprotecteur ,Ashiliv chick,,
,mercredi 18 mars 2026,57,393,2384,1,917,"38,46%",,,,,,115,206 fois / jour,"274,16",,0,Hépatoprotecteur ,Ashiliv chick,,
,jeudi 19 mars 2026,,394,2383,2,919,"38,56%",,,,,,115,207 fois / jour,"274,045",,0,Hépatoprotecteur ,Ashiliv chick,,
,vendredi 20 mars 2026,,395,2381,1,920,"38,64%",,,,,,115,208 fois / jour,"273,815",,0,Hépatoprotecteur ,Ashiliv chick,,
,samedi 21 mars 2026,,396,2380,,920,"38,66%",,,,,,115,209 fois / jour,"273,7",,0,,,,
,dimanche 22 mars 2026,,397,2380,2,922,"38,74%",,,,,,115,210 fois / jour,"273,7",,0,,,,
,lundi 23 mars 2026,,398,2378,1,923,"38,81%",,,,,,115,211 fois / jour,"273,47",,0,,,,
,mardi 24 mars 2026,,399,2377,1,924,"38,87%",,,,,,115,212 fois / jour,"273,355",,0,,,,
,mercredi 25 mars 2026,58,400,2376,,924,"38,89%",,,,,,115,213 fois / jour,"273,24",,0,,,,
,jeudi 26 mars 2026,,401,2376,,924,"38,89%",,,,,,115,214 fois / jour,"273,24",,0,,,,
,vendredi 27 mars 2026,,402,2376,,924,"38,89%",,,,,,115,215 fois / jour,"273,24",,0,,,,
,samedi 28 mars 2026,,403,2376,,924,"38,89%",,,,,,115,216 fois / jour,"273,24",,0,Vitamines,BioVit,,
,dimanche 29 mars 2026,,404,2376,,924,"38,89%",,,,,,115,217 fois / jour,"273,24",,0,Vitamines,BioVit,,
,lundi 30 mars 2026,,405,2376,1,925,"38,93%",,,,,,115,218 fois / jour,"273,24",,0,Vitamines,BioVit,,
,mardi 31 mars 2026,,406,2375,1,926,"38,99%",,,,,,115,219 fois / jour,"273,125",,0,Vitamines,BioVit,,
,mercredi 1 avril 2026,59,407,2374,,926,"39,01%",,,,,,115,220 fois / jour,"273,01",,0,,,,
,jeudi 2 avril 2026,,408,2374,1,927,"39,05%",,,,,,115,221 fois / jour,"273,01",,0,,,,
,vendredi 3 avril 2026,,409,2373,,927,"39,06%",,,,,,115,222 fois / jour,"272,895",,0,,,,
,samedi 4 avril 2026,,410,2373,,927,"39,06%",,,,,,115,223 fois / jour,"272,895",,0,,,,
,dimanche 5 avril 2026,,411,2373,2,929,"39,15%",,,,,,115,224 fois / jour,"272,895",,0,,,,
,lundi 6 avril 2026,,412,2371,,929,"39,18%",,,,,,115,225 fois / jour,"272,665",,0,,,,
,mardi 7 avril 2026,,413,2371,2,931,"39,27%",,,,,,115,226 fois / jour,"272,665",,0,,,,
,mercredi 8 avril 2026,60,414,2369,,931,"39,30%",,,,,,115,227 fois / jour,"272,435",,0,,,,
,jeudi 9 avril 2026,,415,2369,1,932,"39,34%",,,,,,115,228 fois / jour,"272,435",,0,,,,
,vendredi 10 avril 2026,,416,2368,1,933,"39,40%",,,,,,115,229 fois / jour,"272,32",,0,Hépatoprotecteur ,Ashiliv chick,,
,samedi 11 avril 2026,,417,2367,2,935,"39,50%",,,,,,115,230 fois / jour,"272,205",,0,Hépatoprotecteur ,Ashiliv chick,,
,dimanche 12 avril 2026,,418,2365,,935,"39,53%",,,,,,115,231 fois / jour,"271,975",,0,Hépatoprotecteur ,Ashiliv chick,,
,lundi 13 avril 2026,,419,2365,,935,"39,53%",,,,,,115,232 fois / jour,"271,975",,0,Hépatoprotecteur ,Ashiliv chick,,
,mardi 14 avril 2026,,420,2365,1,936,"39,58%",,,,,,115,233 fois / jour,"271,975",,0,Hépatoprotecteur ,Ashiliv chick,,
,mercredi 15 avril 2026,61,421,2364,,936,"39,59%",,,,,,115,234 fois / jour,"271,86",,0,Hépatoprotecteur ,Ashiliv chick,,
,jeudi 16 avril 2026,,422,2364,,936,"39,59%",,,,,,115,235 fois / jour,"271,86",,0,,,,
,vendredi 17 avril 2026,,423,2364,1,937,"39,64%",,,,,,115,236 fois / jour,"271,86",,0,,,,
,samedi 18 avril 2026,,424,2363,,937,"39,65%",,,,,,115,237 fois / jour,"271,745",,0,,,,
,dimanche 19 avril 2026,,425,2363,2,939,"39,74%",,,,,0210AX ou 0210CX,115,238 fois / jour,"271,745",,0,,,,
,lundi 20 avril 2026,,426,2361,2,941,"39,86%",,,,,,115,239 fois / jour,"271,515",,0,,,,
,mardi 21 avril 2026,,427,2359,1,942,"39,93%",,,,,,115,240 fois / jour,"271,285",,0,,,,
,mercredi 22 avril 2026,62,428,2358,,942,"39,95%",,,,,,115,241 fois / jour,"271,17",,0,Vitamines,BioVit,,
,jeudi 23 avril 2026,,429,2358,1,943,"39,99%",,,,,,115,242 fois / jour,"271,17",,0,Vitamines,BioVit,,
,vendredi 24 avril 2026,,430,2357,2,945,"40,09%",,,,,,115,243 fois / jour,"271,055",,0,Vitamines,BioVit,,
,samedi 25 avril 2026,,431,2355,1,946,"40,17%",,,,,,115,244 fois / jour,"270,825",,0,Vitamines,BioVit,,
,dimanche 26 avril 2026,,432,2354,1,947,"40,23%",,,,,,115,245 fois / jour,"270,71",,0,,,,
,lundi 27 avril 2026,,433,2353,,947,"40,25%",,,,,,115,246 fois / jour,"270,595",,0,,,,
,mardi 28 avril 2026,,434,2353,,947,"40,25%",,,,,,115,247 fois / jour,"270,595",,0,,,,
,mercredi 29 avril 2026,63,435,2353,,947,"40,25%",,,,,,115,248 fois / jour,"270,595",,0,,,,
,jeudi 30 avril 2026,,436,2353,2,949,"40,33%",,,,,,115,249 fois / jour,"270,595",,0,,,,
,vendredi 1 mai 2026,,437,2351,,949,"40,37%",,,,,,115,250 fois / jour,"270,365",,0,,,,
,samedi 2 mai 2026,,438,2351,,949,"40,37%",,,,,,115,251 fois / jour,"270,365",,0,,,,
,dimanche 3 mai 2026,,439,2351,2,951,"40,45%",,,,,,115,252 fois / jour,"270,365",,0,,,,
,lundi 4 mai 2026,,440,2349,,951,"40,49%",,,,,,115,253 fois / jour,"270,135",,0,,,,
,mardi 5 mai 2026,,441,2349,2,953,"40,57%",,,,,,115,254 fois / jour,"270,135",,0,Hépatoprotecteur ,Ashiliv chick,,
,mercredi 6 mai 2026,64,442,2347,,953,"40,61%",,,,,,115,255 fois / jour,"269,905",,0,Hépatoprotecteur ,Ashiliv chick,,
,jeudi 7 mai 2026,,443,2347,1,954,"40,65%",,,,,,115,256 fois / jour,"269,905",,0,Hépatoprotecteur ,Ashiliv chick,,
,vendredi 8 mai 2026,,444,2346,,954,"40,66%",,,,,,115,257 fois / jour,"269,79",,0,Hépatoprotecteur ,Ashiliv chick,,
,samedi 9 mai 2026,,445,2346,,954,"40,66%",,,,,,115,258 fois / jour,"269,79",,0,Hépatoprotecteur ,Ashiliv chick,,
,dimanche 10 mai 2026,,446,2346,1,955,"40,71%",,,,,,115,259 fois / jour,"269,79",,0,Hépatoprotecteur ,Ashiliv chick,,
,lundi 11 mai 2026,,447,2345,,955,"40,72%",,,,,,115,260 fois / jour,"269,675",,0,,,,
,mardi 12 mai 2026,,448,2345,,955,"40,72%",,,,,,115,261 fois / jour,"269,675",,0,,,,
,mercredi 13 mai 2026,65,449,2345,,955,"40,72%",,,,,,115,262 fois / jour,"269,675",,0,,,,
,jeudi 14 mai 2026,,450,2345,,955,"40,72%",,,,,,115,263 fois / jour,"269,675",,0,,,,
,vendredi 15 mai 2026,,451,2345,,955,"40,72%",,,,,,115,264 fois / jour,"269,675",,0,,,,
,samedi 16 mai 2026,,452,2345,,955,"40,72%",,,,,,115,265 fois / jour,"269,675",,0,,,,
,dimanche 17 mai 2026,,453,2345,1,956,"40,77%",,,,,,115,266 fois / jour,"269,675",,0,Vitamines,BioVit,,
,lundi 18 mai 2026,,454,2344,,956,"40,78%",,,,,,115,267 fois / jour,"269,56",,0,Vitamines,BioVit,,
,mardi 19 mai 2026,,455,2344,2,958,"40,87%",,,,,,115,268 fois / jour,"269,56",,0,Vitamines,BioVit,,
,mercredi 20 mai 2026,66,456,2342,,958,"40,91%",,,,,,115,269 fois / jour,"269,33",,0,Vitamines,BioVit,,
,jeudi 21 mai 2026,,457,2342,,958,"40,91%",,,,,,115,270 fois / jour,"269,33",,0,,,,
,vendredi 22 mai 2026,,458,2342,,958,"40,91%",,,,,,115,271 fois / jour,"269,33",,0,,,,
,samedi 23 mai 2026,,459,2342,,958,"40,91%",,,,,,115,272 fois / jour,"269,33",,0,,,,
,dimanche 24 mai 2026,,460,2342,1,959,"40,95%",,,,,,115,273 fois / jour,"269,33",,0,,,,
,lundi 25 mai 2026,,461,2341,,959,"40,97%",,,,,,115,274 fois / jour,"269,215",,0,,,,
,mardi 26 mai 2026,,462,2341,,959,"40,97%",,,,,,115,275 fois / jour,"269,215",,0,,,,
,mercredi 27 mai 2026,67,463,2341,1,960,"41,01%",,,,,,115,276 fois / jour,"269,215",,0,,,,
,jeudi 28 mai 2026,,464,2340,,960,"41,03%",,,,,,115,277 fois / jour,"269,1",,0,,,,
,vendredi 29 mai 2026,,465,2340,,960,"41,03%",,,,,,115,278 fois / jour,"269,1",,0,,,,
,samedi 30 mai 2026,,466,2340,,960,"41,03%",,,,,,115,279 fois / jour,"269,1",,0,Hépatoprotecteur ,Ashiliv chick,,
,dimanche 31 mai 2026,,467,2340,,960,"41,03%",,,,,,115,280 fois / jour,"269,1",,0,Hépatoprotecteur ,Ashiliv chick,,
,lundi 1 juin 2026,,468,2340,,960,"41,03%",,,,,,115,281 fois / jour,"269,1",,0,Hépatoprotecteur ,Ashiliv chick,,
,mardi 2 juin 2026,,469,2340,,960,"41,03%",,,,,,115,282 fois / jour,"269,1",,0,Hépatoprotecteur ,Ashiliv chick,,
,mercredi 3 juin 2026,68,470,2340,3,963,"41,15%",,,,,,115,283 fois / jour,"269,1",,0,Hépatoprotecteur ,Ashiliv chick,,
,jeudi 4 juin 2026,,471,2337,1,964,"41,25%",,,,,,115,284 fois / jour,"268,755",,0,Hépatoprotecteur ,Ashiliv chick,,
,vendredi 5 juin 2026,,472,2336,2,966,"41,35%",,,,,0210AX ou 0210CX,115,285 fois / jour,"268,64",,0,,,,
,samedi 6 juin 2026,,473,2334,,966,"41,39%",,,,,,115,286 fois / jour,"268,41",,0,,,,
,dimanche 7 juin 2026,,474,2334,1,967,"41,43%",,,,,,115,287 fois / jour,"268,41",,0,,,,
,lundi 8 juin 2026,,475,2333,1,968,"41,49%",,,,,,115,288 fois / jour,"268,295",,0,,,,
,mardi 9 juin 2026,,476,2332,1,969,"41,55%",,,,,,115,289 fois / jour,"268,18",,0,,,,
,mercredi 10 juin 2026,69,477,2331,,969,"41,57%",,,,,,115,290 fois / jour,"268,065",,0,,,,
,jeudi 11 juin 2026,,478,2331,1,970,"41,61%",,,,,,115,291 fois / jour,"268,065",,0,Vitamines,BioVit,,
,vendredi 12 juin 2026,,479,2330,1,971,"41,67%",,,,,,115,292 fois / jour,"267,95",,0,Vitamines,BioVit,,
,samedi 13 juin 2026,,480,2329,1,972,"41,73%",,,,,,115,293 fois / jour,"267,835",,0,Vitamines,BioVit,,
,dimanche 14 juin 2026,,481,2328,1,973,"41,80%",,,,,,115,294 fois / jour,"267,72",,0,Vitamines,BioVit,,
,lundi 15 juin 2026,,482,2327,,973,"41,81%",,,,,,115,295 fois / jour,"267,605",,0,,,,
,mardi 16 juin 2026,,483,2327,,973,"41,81%",,,,,,115,296 fois / jour,"267,605",,0,,,,
,mercredi 17 juin 2026,70,484,2327,,973,"41,81%",,,,,,115,297 fois / jour,"267,605",,0,,,,
,jeudi 18 juin 2026,,485,2327,,973,"41,81%",,,,,,115,298 fois / jour,"267,605",,0,,,,
,vendredi 19 juin 2026,,486,2327,,973,"41,81%",,,,,,115,299 fois / jour,"267,605",,0,,,,
,samedi 20 juin 2026,,487,2327,,973,"41,81%",,,,,,115,300 fois / jour,"267,605",,0,,,,
,dimanche 21 juin 2026,,488,2327,,973,"41,81%",,,,,,115,301 fois / jour,"267,605",,0,,,,
,lundi 22 juin 2026,,489,2327,,973,"41,81%",,,,,,115,302 fois / jour,"267,605",,0,,,,
,mardi 23 juin 2026,,490,2327,,973,"41,81%",,,,,,115,303 fois / jour,"267,605",,0,,,,
,mercredi 24 juin 2026,71,491,2327,,973,"41,81%",,,,,,115,304 fois / jour,"267,605",,0,Hépatoprotecteur ,Ashiliv chick,,
,jeudi 25 juin 2026,,492,2327,,973,"41,81%",,,,,,115,305 fois / jour,"267,605",,0,Hépatoprotecteur ,Ashiliv chick,,
,vendredi 26 juin 2026,,493,2327,,973,"41,81%",,,,,,115,306 fois / jour,"267,605",,0,Hépatoprotecteur ,Ashiliv chick,,
,samedi 27 juin 2026,,494,2327,,973,"41,81%",,,,,,115,307 fois / jour,"267,605",,0,Hépatoprotecteur ,Ashiliv chick,,
,dimanche 28 juin 2026,,495,2327,,973,"41,81%",,,,,,115,308 fois / jour,"267,605",,0,Hépatoprotecteur ,Ashiliv chick,,
,lundi 29 juin 2026,,496,2327,,973,"41,81%",,,,,,115,309 fois / jour,"267,605",,0,Hépatoprotecteur ,Ashiliv chick,,
,mardi 30 juin 2026,,497,2327,,973,"41,81%",,,,,,115,310 fois / jour,"267,605",,0,,,,
,mercredi 1 juillet 2026,72,498,2327,,973,"41,81%",,,,,,115,311 fois / jour,"267,605",,0,,,,
,jeudi 2 juillet 2026,,499,2327,,973,"41,81%",,,,,,115,312 fois / jour,"267,605",,0,,,,
,vendredi 3 juillet 2026,,500,2327,,973,"41,81%",,,,,,115,313 fois / jour,"267,605",,0,,,,
,samedi 4 juillet 2026,,501,2327,,973,"41,81%",,,,,,115,314 fois / jour,"267,605",,0,,,,
,dimanche 5 juillet 2026,,502,2327,,973,"41,81%",,,,,,115,315 fois / jour,"267,605",,0,,,,
,lundi 6 juillet 2026,,503,2327,,973,"41,81%",,,,,,115,316 fois / jour,"267,605",,0,Vitamines,BioVit,,
,mardi 7 juillet 2026,,504,2327,,973,"41,81%",,,,,,115,317 fois / jour,"267,605",,0,Vitamines,BioVit,,
,mercredi 8 juillet 2026,73,505,2327,,973,"41,81%",,,,,,115,318 fois / jour,"267,605",,0,Vitamines,BioVit,,
,jeudi 9 juillet 2026,,506,2327,,973,"41,81%",,,,,,115,319 fois / jour,"267,605",,0,Vitamines,BioVit,,
,vendredi 10 juillet 2026,,507,2327,,973,"41,81%",,,,,,115,320 fois / jour,"267,605",,0,,,,
,samedi 11 juillet 2026,,508,2327,,973,"41,81%",,,,,,115,321 fois / jour,"267,605",,0,,,,
,dimanche 12 juillet 2026,,509,2327,,973,"41,81%",,,,,,115,322 fois / jour,"267,605",,0,,,,
,lundi 13 juillet 2026,,510,2327,,973,"41,81%",,,,,,115,323 fois / jour,"267,605",,0,,,,
,mardi 14 juillet 2026,,511,2327,,973,"41,81%",,,,,,115,324 fois / jour,"267,605",,0,,,,
,mercredi 15 juillet 2026,74,512,2327,,973,"41,81%",,,,,,115,325 fois / jour,"267,605",,0,,,,
,jeudi 16 juillet 2026,,513,2327,,973,"41,81%",,,,,,115,326 fois / jour,"267,605",,0,,,,
,vendredi 17 juillet 2026,,514,2327,,973,"41,81%",,,,,,115,327 fois / jour,"267,605",,0,,,,
,samedi 18 juillet 2026,,515,2327,,973,"41,81%",,,,,,115,328 fois / jour,"267,605",,0,,,,
,dimanche 19 juillet 2026,,516,2327,,973,"41,81%",,,,,,115,329 fois / jour,"267,605",,0,Hépatoprotecteur ,Ashiliv chick,,
,lundi 20 juillet 2026,,517,2327,,973,"41,81%",,,,,,115,330 fois / jour,"267,605",,0,Hépatoprotecteur ,Ashiliv chick,,
,mardi 21 juillet 2026,,518,2327,,973,"41,81%",,,,,,115,331 fois / jour,"267,605",,0,Hépatoprotecteur ,Ashiliv chick,,
,mercredi 22 juillet 2026,75,519,2327,,973,"41,81%",,,,,0210AX ou 0210CX,115,332 fois / jour,"267,605",,0,Hépatoprotecteur ,Ashiliv chick,,
,jeudi 23 juillet 2026,,520,2327,,973,"41,81%",,,,,,115,333 fois / jour,"267,605",,0,Hépatoprotecteur ,Ashiliv chick,,
,vendredi 24 juillet 2026,,521,2327,,973,"41,81%",,,,,,115,334 fois / jour,"267,605",,0,Hépatoprotecteur ,Ashiliv chick,,
,samedi 25 juillet 2026,,522,2327,,973,"41,81%",,,,,,115,335 fois / jour,"267,605",,0,,,,
,dimanche 26 juillet 2026,,523,2327,,973,"41,81%",,,,,,115,336 fois / jour,"267,605",,0,,,,
,lundi 27 juillet 2026,,524,2327,,973,"41,81%",,,,,,115,337 fois / jour,"267,605",,0,,,,
,mardi 28 juillet 2026,,525,2327,,973,"41,81%",,,,,,115,338 fois / jour,"267,605",,0,,,,
,mercredi 29 juillet 2026,76,526,2327,,973,"41,81%",,,,,,115,339 fois / jour,"267,605",,0,,,,
,jeudi 30 juillet 2026,,527,2327,,973,"41,81%",,,,,,115,340 fois / jour,"267,605",,0,,,,
,vendredi 31 juillet 2026,,528,2327,,973,"41,81%",,,,,,115,341 fois / jour,"267,605",,0,Vitamines,BioVit,,
,samedi 1 août 2026,,529,2327,,973,"41,81%",,,,,,115,342 fois / jour,"267,605",,0,Vitamines,BioVit,,
,dimanche 2 août 2026,,530,2327,,973,"41,81%",,,,,,115,343 fois / jour,"267,605",,0,Vitamines,BioVit,,
,lundi 3 août 2026,,531,2327,,973,"41,81%",,,,,,115,344 fois / jour,"267,605",,0,Vitamines,BioVit,,
,mardi 4 août 2026,,532,2327,,973,"41,81%",,,,,,115,345 fois / jour,"267,605",,0,,,,
,mercredi 5 août 2026,77,533,2327,,973,"41,81%",,,,,,115,346 fois / jour,"267,605",,0,,,,
,jeudi 6 août 2026,,534,2327,,973,"41,81%",,,,,,115,347 fois / jour,"267,605",,0,,,,
,vendredi 7 août 2026,,535,2327,,973,"41,81%",,,,,,115,348 fois / jour,"267,605",,0,,,,
,samedi 8 août 2026,,536,2327,,973,"41,81%",,,,,,115,349 fois / jour,"267,605",,0,,,,
,dimanche 9 août 2026,,537,2327,,973,"41,81%",,,,,,115,350 fois / jour,"267,605",,0,,,,
,lundi 10 août 2026,,538,2327,,973,"41,81%",,,,,,115,351 fois / jour,"267,605",,0,,,,
,mardi 11 août 2026,,539,2327,,973,"41,81%",,,,,,115,352 fois / jour,"267,605",,0,,,,
,mercredi 12 août 2026,78,540,2327,,973,"41,81%",,,,,,115,353 fois / jour,"267,605",,0,,,,
,jeudi 13 août 2026,,541,2327,,973,"41,81%",,,,,,115,354 fois / jour,"267,605",,0,Hépatoprotecteur ,Ashiliv chick,,
,vendredi 14 août 2026,,542,2327,,973,"41,81%",,,,,,115,355 fois / jour,"267,605",,0,Hépatoprotecteur ,Ashiliv chick,,
,samedi 15 août 2026,,543,2327,,973,"41,81%",,,,,,115,356 fois / jour,"267,605",,0,Hépatoprotecteur ,Ashiliv chick,,
,dimanche 16 août 2026,,544,2327,,973,"41,81%",,,,,,115,357 fois / jour,"267,605",,0,Hépatoprotecteur ,Ashiliv chick,,
,lundi 17 août 2026,,545,2327,,973,"41,81%",,,,,,115,358 fois / jour,"267,605",,0,Hépatoprotecteur ,Ashiliv chick,,
,mardi 18 août 2026,,546,2327,,973,"41,81%",,,,,,115,359 fois / jour,"267,605",,0,Hépatoprotecteur ,Ashiliv chick,,
,mercredi 19 août 2026,79,547,2327,,973,"41,81%",,,,,,115,360 fois / jour,"267,605",,0,,,,
,jeudi 20 août 2026,,548,2327,,973,"41,81%",,,,,,115,361 fois / jour,"267,605",,0,,,,
,vendredi 21 août 2026,,549,2327,,973,"41,81%",,,,,,115,362 fois / jour,"267,605",,0,,,,
,samedi 22 août 2026,,550,2327,,973,"41,81%",,,,,,115,363 fois / jour,"267,605",,0,,,,
,dimanche 23 août 2026,,551,2327,,973,"41,81%",,,,,,115,364 fois / jour,"267,605",,0,,,,
,lundi 24 août 2026,,552,2327,,973,"41,81%",,,,,,115,365 fois / jour,"267,605",,0,,,,
,mardi 25 août 2026,,553,2327,,973,"41,81%",,,,,,115,366 fois / jour,"267,605",,0,Vitamines,BioVit,,
,mercredi 26 août 2026,80,554,2327,,973,"41,81%",,,,,,115,367 fois / jour,"267,605",,0,Vitamines,BioVit,,
,jeudi 27 août 2026,,555,2327,,973,"41,81%",,,,,,115,368 fois / jour,"267,605",,0,Vitamines,BioVit,,
,vendredi 28 août 2026,,556,2327,,973,"41,81%",,,,,,115,369 fois / jour,"267,605",,0,Vitamines,BioVit,,
,samedi 29 août 2026,,557,2327,,973,"41,81%",,,,,,115,370 fois / jour,"267,605",,0,,,,
,dimanche 30 août 2026,,558,2327,,973,"41,81%",,,,,,115,371 fois / jour,"267,605",,0,,,,
,lundi 31 août 2026,,559,2327,,973,"41,81%",,,,,,115,372 fois / jour,"267,605",,0,,,,
,mardi 1 septembre 2026,,560,2327,,973,"41,81%",,,,,,115,373 fois / jour,"267,605",,0,,,,
,mercredi 2 septembre 2026,81,561,2327,,973,"41,81%",,,,,,115,374 fois / jour,"267,605",,0,,,,
,jeudi 3 septembre 2026,,562,2327,,973,"41,81%",,,,,,115,375 fois / jour,"267,605",,0,,,,
,vendredi 4 septembre 2026,,563,2327,,973,"41,81%",,,,,,115,376 fois / jour,"267,605",,0,,,,
,samedi 5 septembre 2026,,564,2327,,973,"41,81%",,,,,,115,377 fois / jour,"267,605",,0,,,,
,dimanche 6 septembre 2026,,565,2327,,973,"41,81%",,,,,,115,378 fois / jour,"267,605",,0,,,,
,lundi 7 septembre 2026,,566,2327,,973,"41,81%",,,,,0210AX ou 0210CX,115,379 fois / jour,"267,605",,0,Hépatoprotecteur ,Ashiliv chick,,
,mardi 8 septembre 2026,,567,2327,,973,"41,81%",,,,,,115,380 fois / jour,"267,605",,0,Hépatoprotecteur ,Ashiliv chick,,
,mercredi 9 septembre 2026,82,568,2327,,973,"41,81%",,,,,,115,381 fois / jour,"267,605",,0,Hépatoprotecteur ,Ashiliv chick,,
,jeudi 10 septembre 2026,,569,2327,,973,"41,81%",,,,,,115,382 fois / jour,"267,605",,0,Hépatoprotecteur ,Ashiliv chick,,
,vendredi 11 septembre 2026,,570,2327,,973,"41,81%",,,,,,115,383 fois / jour,"267,605",,0,Hépatoprotecteur ,Ashiliv chick,,
,samedi 12 septembre 2026,,571,2327,,973,"41,81%",,,,,,115,384 fois / jour,"267,605",,0,Hépatoprotecteur ,Ashiliv chick,,
,dimanche 13 septembre 2026,,572,2327,,973,"41,81%",,,,,,115,385 fois / jour,"267,605",,0,,,,
,lundi 14 septembre 2026,,573,2327,,973,"41,81%",,,,,,115,386 fois / jour,"267,605",,0,,,,
,mardi 15 septembre 2026,,574,2327,,973,"41,81%",,,,,,115,387 fois / jour,"267,605",,0,,,,
,mercredi 16 septembre 2026,83,575,2327,,973,"41,81%",,,,,,115,388 fois / jour,"267,605",,0,,,,
,jeudi 17 septembre 2026,,576,2327,,973,"41,81%",,,,,,115,389 fois / jour,"267,605",,0,,,,
,vendredi 18 septembre 2026,,577,2327,,973,"41,81%",,,,,,115,390 fois / jour,"267,605",,0,,,,
,samedi 19 septembre 2026,,578,2327,,973,"41,81%",,,,,,115,391 fois / jour,"267,605",,0,Vitamines,BioVit,,
,dimanche 20 septembre 2026,,579,2327,,973,"41,81%",,,,,,115,392 fois / jour,"267,605",,0,Vitamines,BioVit,,
,lundi 21 septembre 2026,,580,2327,,973,"41,81%",,,,,,115,393 fois / jour,"267,605",,0,Vitamines,BioVit,,
,mardi 22 septembre 2026,,581,2327,,973,"41,81%",,,,,,115,394 fois / jour,"267,605",,0,Vitamines,BioVit,,
,mercredi 23 septembre 2026,84,582,2327,,973,"41,81%",,,,,,115,395 fois / jour,"267,605",,0,,,,
,jeudi 24 septembre 2026,,583,2327,,973,"41,81%",,,,,,115,396 fois / jour,"267,605",,0,,,,
,vendredi 25 septembre 2026,,584,2327,,973,"41,81%",,,,,,115,397 fois / jour,"267,605",,0,,,,
,samedi 26 septembre 2026,,585,2327,,973,"41,81%",,,,,,115,398 fois / jour,"267,605",,0,,,,
,dimanche 27 septembre 2026,,586,2327,,973,"41,81%",,,,,,115,399 fois / jour,"267,605",,0,,,,
,lundi 28 septembre 2026,,587,2327,,973,"41,81%",,,,,,115,400 fois / jour,"267,605",,0,,,,
,mardi 29 septembre 2026,,588,2327,,973,"41,81%",,,,,,115,401 fois / jour,"267,605",,0,,,,
,mercredi 30 septembre 2026,85,589,2327,,973,"41,81%",,,,,,115,402 fois / jour,"267,605",,0,,,,
,jeudi 1 octobre 2026,,590,2327,,973,"41,81%",,,,,,115,403 fois / jour,"267,605",,0,,,,
,vendredi 2 octobre 2026,,591,2327,,973,"41,81%",,,,,,115,404 fois / jour,"267,605",,0,Hépatoprotecteur ,Ashiliv chick,,
,samedi 3 octobre 2026,,592,2327,,973,"41,81%",,,,,,115,405 fois / jour,"267,605",,0,Hépatoprotecteur ,Ashiliv chick,,
,dimanche 4 octobre 2026,,593,2327,,973,"41,81%",,,,,,115,406 fois / jour,"267,605",,0,Hépatoprotecteur ,Ashiliv chick,,
,lundi 5 octobre 2026,,594,2327,,973,"41,81%",,,,,,115,407 fois / jour,"267,605",,0,Hépatoprotecteur ,Ashiliv chick,,
,mardi 6 octobre 2026,,595,2327,,973,"41,81%",,,,,,115,408 fois / jour,"267,605",,0,Hépatoprotecteur ,Ashiliv chick,,
,mercredi 7 octobre 2026,86,596,2327,,973,"41,81%",,,,,,115,409 fois / jour,"267,605",,0,Hépatoprotecteur ,Ashiliv chick,,
,jeudi 8 octobre 2026,,597,2327,,973,"41,81%",,,,,,115,410 fois / jour,"267,605",,0,,,,
,vendredi 9 octobre 2026,,598,2327,,973,"41,81%",,,,,,115,411 fois / jour,"267,605",,0,,,,
,samedi 10 octobre 2026,,599,2327,,973,"41,81%",,,,,,115,412 fois / jour,"267,605",,0,,,,
,dimanche 11 octobre 2026,,600,2327,,973,"41,81%",,,,,,115,413 fois / jour,"267,605",,0,,,,
,lundi 12 octobre 2026,,601,2327,,973,"41,81%",,,,,,115,414 fois / jour,"267,605",,0,,,,
,mardi 13 octobre 2026,,602,2327,,973,"41,81%",,,,,,115,415 fois / jour,"267,605",,0,,,,
,mercredi 14 octobre 2026,87,603,2327,,973,"41,81%",,,,,,115,416 fois / jour,"267,605",,0,Vitamines,BioVit,,
,jeudi 15 octobre 2026,,604,2327,,973,"41,81%",,,,,,115,417 fois / jour,"267,605",,0,Vitamines,BioVit,,
,vendredi 16 octobre 2026,,605,2327,,973,"41,81%",,,,,,115,418 fois / jour,"267,605",,0,Vitamines,BioVit,,
,samedi 17 octobre 2026,,606,2327,,973,"41,81%",,,,,,115,419 fois / jour,"267,605",,0,Vitamines,BioVit,,
,dimanche 18 octobre 2026,,607,2327,,973,"41,81%",,,,,,115,420 fois / jour,"267,605",,0,,,,
,lundi 19 octobre 2026,,608,2327,,973,"41,81%",,,,,,115,421 fois / jour,"267,605",,0,,,,
,mardi 20 octobre 2026,,609,2327,,973,"41,81%",,,,,,115,422 fois / jour,"267,605",,0,,,,
,mercredi 21 octobre 2026,88,610,2327,,973,"41,81%",,,,,,115,423 fois / jour,"267,605",,0,,,,
,jeudi 22 octobre 2026,,611,2327,,973,"41,81%",,,,,,115,424 fois / jour,"267,605",,0,,,,
,vendredi 23 octobre 2026,,612,2327,,973,"41,81%",,,,,,115,425 fois / jour,"267,605",,0,,,,
,samedi 24 octobre 2026,,613,2327,,973,"41,81%",,,,,0210AX ou 0210CX,115,426 fois / jour,"267,605",,0,,,,
,dimanche 25 octobre 2026,,614,2327,,973,"41,81%",,,,,,115,427 fois / jour,"267,605",,0,,,,
,lundi 26 octobre 2026,,615,2327,,973,"41,81%",,,,,,115,428 fois / jour,"267,605",,0,,,,
,mardi 27 octobre 2026,,616,2327,,973,"41,81%",,,,,,115,429 fois / jour,"267,605",,0,Hépatoprotecteur ,Ashiliv chick,,
,mercredi 28 octobre 2026,89,617,2327,,973,"41,81%",,,,,,115,430 fois / jour,"267,605",,0,Hépatoprotecteur ,Ashiliv chick,,
,jeudi 29 octobre 2026,,618,2327,,973,"41,81%",,,,,,115,431 fois / jour,"267,605",,0,Hépatoprotecteur ,Ashiliv chick,,
,vendredi 30 octobre 2026,,619,2327,,973,"41,81%",,,,,,115,432 fois / jour,"267,605",,0,Hépatoprotecteur ,Ashiliv chick,,
,samedi 31 octobre 2026,,620,2327,,973,"41,81%",,,,,,115,433 fois / jour,"267,605",,0,Hépatoprotecteur ,Ashiliv chick,,
,dimanche 1 novembre 2026,,621,2327,,973,"41,81%",,,,,,115,434 fois / jour,"267,605",,0,Hépatoprotecteur ,Ashiliv chick,,
,lundi 2 novembre 2026,,622,2327,,973,"41,81%",,,,,,115,435 fois / jour,"267,605",,0,,,,
,mardi 3 novembre 2026,,623,2327,,973,"41,81%",,,,,,115,436 fois / jour,"267,605",,0,,,,
,mercredi 4 novembre 2026,90,624,2327,,973,"41,81%",,,,,,115,437 fois / jour,"267,605",,0,,,,
,jeudi 5 novembre 2026,,625,2327,,973,"41,81%",,,,,,115,438 fois / jour,"267,605",,0,,,,
,vendredi 6 novembre 2026,,626,2327,,973,"41,81%",,,,,,115,439 fois / jour,"267,605",,0,,,,
,samedi 7 novembre 2026,,627,2327,,973,"41,81%",,,,,,115,440 fois / jour,"267,605",,0,,,,
,dimanche 8 novembre 2026,,628,2327,,973,"41,81%",,,,,,115,441 fois / jour,"267,605",,0,Vitamines,BioVit,,
,lundi 9 novembre 2026,,629,2327,,973,"41,81%",,,,,,115,442 fois / jour,"267,605",,0,Vitamines,BioVit,,
,mardi 10 novembre 2026,,630,2327,,973,"41,81%",,,,,,115,443 fois / jour,"267,605",,0,Vitamines,BioVit,,
,mercredi 11 novembre 2026,91,631,2327,,973,"41,81%",,,,,,115,444 fois / jour,"267,605",,0,Vitamines,BioVit,,
,jeudi 12 novembre 2026,,632,2327,,973,"41,81%",,,,,,115,445 fois / jour,"267,605",,0,,,,
,vendredi 13 novembre 2026,,633,2327,,973,"41,81%",,,,,,115,446 fois / jour,"267,605",,0,,,,
,samedi 14 novembre 2026,,634,2327,,973,"41,81%",,,,,,115,447 fois / jour,"267,605",,0,,,,
,dimanche 15 novembre 2026,,635,2327,,973,"41,81%",,,,,,115,448 fois / jour,"267,605",,0,,,,
,lundi 16 novembre 2026,,636,2327,,973,"41,81%",,,,,,115,449 fois / jour,"267,605",,0,,,,
,mardi 17 novembre 2026,,637,2327,,973,"41,81%",,,,,,115,450 fois / jour,"267,605",,0,,,,
,mercredi 18 novembre 2026,92,638,2327,,973,"41,81%",,,,,,115,451 fois / jour,"267,605",,0,,,,
,jeudi 19 novembre 2026,,639,2327,,973,"41,81%",,,,,,115,452 fois / jour,"267,605",,0,,,,
,vendredi 20 novembre 2026,,640,2327,,973,"41,81%",,,,,,115,453 fois / jour,"267,605",,0,,,,
,samedi 21 novembre 2026,,641,2327,,973,"41,81%",,,,,,115,454 fois / jour,"267,605",,0,Hépatoprotecteur ,Ashiliv chick,,
,dimanche 22 novembre 2026,,642,2327,,973,"41,81%",,,,,,115,455 fois / jour,"267,605",,0,Hépatoprotecteur ,Ashiliv chick,,
,lundi 23 novembre 2026,,643,2327,,973,"41,81%",,,,,,115,456 fois / jour,"267,605",,0,Hépatoprotecteur ,Ashiliv chick,,
,mardi 24 novembre 2026,,644,2327,,973,"41,81%",,,,,,115,457 fois / jour,"267,605",,0,Hépatoprotecteur ,Ashiliv chick,,
,mercredi 25 novembre 2026,93,645,2327,,973,"41,81%",,,,,,115,458 fois / jour,"267,605",,0,Hépatoprotecteur ,Ashiliv chick,,
,jeudi 26 novembre 2026,,646,2327,,973,"41,81%",,,,,,115,459 fois / jour,"267,605",,0,Hépatoprotecteur ,Ashiliv chick,,
,vendredi 27 novembre 2026,,647,2327,,973,"41,81%",,,,,,115,460 fois / jour,"267,605",,0,,,,
,samedi 28 novembre 2026,,648,2327,,973,"41,81%",,,,,,115,461 fois / jour,"267,605",,0,,,,
,dimanche 29 novembre 2026,,649,2327,,973,"41,81%",,,,,,115,462 fois / jour,"267,605",,0,,,,
,lundi 30 novembre 2026,,650,2327,,973,"41,81%",,,,,,115,463 fois / jour,"267,605",,0,,,,
,mardi 1 décembre 2026,,651,2327,,973,"41,81%",,,,,,115,464 fois / jour,"267,605",,0,,,,
,mercredi 2 décembre 2026,94,652,2327,,973,"41,81%",,,,,,115,465 fois / jour,"267,605",,0,,,,
,jeudi 3 décembre 2026,,653,2327,,973,"41,81%",,,,,,115,466 fois / jour,"267,605",,0,Vitamines,BioVit,,
,vendredi 4 décembre 2026,,654,2327,,973,"41,81%",,,,,,115,467 fois / jour,"267,605",,0,Vitamines,BioVit,,
,samedi 5 décembre 2026,,655,2327,,973,"41,81%",,,,,,115,468 fois / jour,"267,605",,0,Vitamines,BioVit,,
,dimanche 6 décembre 2026,,656,2327,,973,"41,81%",,,,,,115,469 fois / jour,"267,605",,0,Vitamines,BioVit,,
,lundi 7 décembre 2026,,657,2327,,973,"41,81%",,,,,,115,470 fois / jour,"267,605",,0,,,,
,mardi 8 décembre 2026,,658,2327,,973,"41,81%",,,,,,115,471 fois / jour,"267,605",,0,,,,
,mercredi 9 décembre 2026,95,659,2327,,973,"41,81%",,,,,,115,472 fois / jour,"267,605",,0,,,,
,jeudi 10 décembre 2026,,660,2327,,973,"41,81%",,,,,0210AX ou 0210CX,115,473 fois / jour,"267,605",,0,,,,
,vendredi 11 décembre 2026,,661,2327,,973,"41,81%",,,,,,115,474 fois / jour,"267,605",,0,,,,
,samedi 12 décembre 2026,,662,2327,,973,"41,81%",,,,,,115,475 fois / jour,"267,605",,0,,,,
,dimanche 13 décembre 2026,,663,2327,,973,"41,81%",,,,,,115,476 fois / jour,"267,605",,0,,,,
,lundi 14 décembre 2026,,664,2327,,973,"41,81%",,,,,,115,477 fois / jour,"267,605",,0,,,,
,mardi 15 décembre 2026,,665,2327,,973,"41,81%",,,,,,115,478 fois / jour,"267,605",,0,,,,
,mercredi 16 décembre 2026,96,666,2327,,973,"41,81%",,,,,,115,479 fois / jour,"267,605",,0,Hépatoprotecteur ,Ashiliv chick,,
,jeudi 17 décembre 2026,,667,2327,,973,"41,81%",,,,,,115,480 fois / jour,"267,605",,0,Hépatoprotecteur ,Ashiliv chick,,
,vendredi 18 décembre 2026,,668,2327,,973,"41,81%",,,,,,115,481 fois / jour,"267,605",,0,Hépatoprotecteur ,Ashiliv chick,,
,samedi 19 décembre 2026,,669,2327,,973,"41,81%",,,,,,115,482 fois / jour,"267,605",,0,Hépatoprotecteur ,Ashiliv chick,,
,dimanche 20 décembre 2026,,670,2327,,973,"41,81%",,,,,,115,483 fois / jour,"267,605",,0,Hépatoprotecteur ,Ashiliv chick,,
,lundi 21 décembre 2026,,671,2327,,973,"41,81%",,,,,,115,484 fois / jour,"267,605",,0,Hépatoprotecteur ,Ashiliv chick,,
,mardi 22 décembre 2026,,672,2327,,973,"41,81%",,,,,,115,485 fois / jour,"267,605",,0,,,,
,mercredi 23 décembre 2026,97,673,2327,,973,"41,81%",,,,,,115,486 fois / jour,"267,605",,0,,,,
,jeudi 24 décembre 2026,,674,2327,,973,"41,81%",,,,,,115,487 fois / jour,"267,605",,0,,,,
,vendredi 25 décembre 2026,,675,2327,,973,"41,81%",,,,,,115,488 fois / jour,"267,605",,0,,,,
,samedi 26 décembre 2026,,676,2327,,973,"41,81%",,,,,,115,489 fois / jour,"267,605",,0,,,,
,dimanche 27 décembre 2026,,677,2327,,973,"41,81%",,,,,,115,490 fois / jour,"267,605",,0,,,,
,lundi 28 décembre 2026,,678,2327,,973,"41,81%",,,,,,115,491 fois / jour,"267,605",,0,Vitamines,BioVit,,
,mardi 29 décembre 2026,,679,2327,,973,"41,81%",,,,,,115,492 fois / jour,"267,605",,0,Vitamines,BioVit,,
,mercredi 30 décembre 2026,98,680,2327,,973,"41,81%",,,,,,115,493 fois / jour,"267,605",,0,Vitamines,BioVit,,
,jeudi 31 décembre 2026,,681,2327,,973,"41,81%",,,,,,115,494 fois / jour,"267,605",,0,Vitamines,BioVit,,
,vendredi 1 janvier 2027,,682,2327,,973,"41,81%",,,,,,115,495 fois / jour,"267,605",,0,,,,
,samedi 2 janvier 2027,,683,2327,,973,"41,81%",,,,,,115,496 fois / jour,"267,605",,0,,,,
,dimanche 3 janvier 2027,,684,2327,,973,"41,81%",,,,,,115,497 fois / jour,"267,605",,0,,,,
,lundi 4 janvier 2027,,685,2327,,973,"41,81%",,,,,,115,498 fois / jour,"267,605",,0,,,,
,mardi 5 janvier 2027,,686,2327,,973,"41,81%",,,,,,115,499 fois / jour,"267,605",,0,,,,
,mercredi 6 janvier 2027,99,687,2327,,973,"41,81%",,,,,,115,500 fois / jour,"267,605",,0,,,,
,jeudi 7 janvier 2027,,688,2327,,973,"41,81%",,,,,,115,501 fois / jour,"267,605",,0,,,,
,vendredi 8 janvier 2027,,689,2327,,973,"41,81%",,,,,,115,502 fois / jour,"267,605",,0,,,,
,samedi 9 janvier 2027,,690,2327,,973,"41,81%",,,,,,115,503 fois / jour,"267,605",,0,,,,
,dimanche 10 janvier 2027,,691,2327,,973,"41,81%",,,,,,115,504 fois / jour,"267,605",,0,Hépatoprotecteur ,Ashiliv chick,,
,lundi 11 janvier 2027,,692,2327,,973,"41,81%",,,,,,115,505 fois / jour,"267,605",,0,Hépatoprotecteur ,Ashiliv chick,,
,mardi 12 janvier 2027,,693,2327,,973,"41,81%",,,,,,115,506 fois / jour,"267,605",,0,Hépatoprotecteur ,Ashiliv chick,,
,mercredi 13 janvier 2027,100,694,2327,,973,"41,81%",,,,,,115,507 fois / jour,"267,605",,0,Hépatoprotecteur ,Ashiliv chick,,
,jeudi 14 janvier 2027,,695,2327,,973,"41,81%",,,,,,115,508 fois / jour,"267,605",,0,Hépatoprotecteur ,Ashiliv chick,,
,vendredi 15 janvier 2027,,696,2327,,973,"41,81%",,,,,,115,509 fois / jour,"267,605",,0,Hépatoprotecteur ,Ashiliv chick,,
,samedi 16 janvier 2027,,697,2327,,973,"41,81%",,,,,,115,510 fois / jour,"267,605",,0,,,,
,dimanche 17 janvier 2027,,698,2327,,973,"41,81%",,,,,,115,511 fois / jour,"267,605",,0,,,,
,lundi 18 janvier 2027,,699,2327,,973,"41,81%",,,,,,115,512 fois / jour,"267,605",,0,,,,
,mardi 19 janvier 2027,,700,2327,,973,"41,81%",,,,,,115,513 fois / jour,"267,605",,0,,,,
,mercredi 20 janvier 2027,101,701,2327,,973,"41,81%",,,,,,115,514 fois / jour,"267,605",,0,,,,
,jeudi 21 janvier 2027,,702,2327,,973,"41,81%",,,,,,115,515 fois / jour,"267,605",,0,,,,
,vendredi 22 janvier 2027,,703,2327,,973,"41,81%",,,,,,115,516 fois / jour,"267,605",,0,Vitamines,BioVit,,
,samedi 23 janvier 2027,,704,2327,,973,"41,81%",,,,,,115,517 fois / jour,"267,605",,0,Vitamines,BioVit,,
,dimanche 24 janvier 2027,,705,2327,,973,"41,81%",,,,,,115,518 fois / jour,"267,605",,0,Vitamines,BioVit,,
,lundi 25 janvier 2027,,706,2327,,973,"41,81%",,,,,,115,519 fois / jour,"267,605",,0,Vitamines,BioVit,,
,mardi 26 janvier 2027,,707,2327,,973,"41,81%",,,,,0210AX ou 0210CX,115,520 fois / jour,"267,605",,0,,,,
,mercredi 27 janvier 2027,102,708,2327,,973,"41,81%",,,,,,115,521 fois / jour,"267,605",,0,,,,
,jeudi 28 janvier 2027,,709,2327,,973,"41,81%",,,,,,115,522 fois / jour,"267,605",,0,,,,
,vendredi 29 janvier 2027,,710,2327,,973,"41,81%",,,,,,115,523 fois / jour,"267,605",,0,,,,
,samedi 30 janvier 2027,,711,2327,,973,"41,81%",,,,,,115,524 fois / jour,"267,605",,0,,,,
,dimanche 31 janvier 2027,,712,2327,,973,"41,81%",,,,,,115,525 fois / jour,"267,605",,0,,,,
,lundi 1 février 2027,,713,2327,,973,"41,81%",,,,,,115,526 fois / jour,"267,605",,0,,,,
,mardi 2 février 2027,,714,2327,,973,"41,81%",,,,,,115,527 fois / jour,"267,605",,0,,,,
,mercredi 3 février 2027,103,715,2327,,973,"41,81%",,,,,,115,528 fois / jour,"267,605",,0,,,,
,jeudi 4 février 2027,,716,2327,,973,"41,81%",,,,,,115,529 fois / jour,"267,605",,0,Hépatoprotecteur ,Ashiliv chick,,
,vendredi 5 février 2027,,717,2327,,973,"41,81%",,,,,,115,530 fois / jour,"267,605",,0,Hépatoprotecteur ,Ashiliv chick,,
,samedi 6 février 2027,,718,2327,,973,"41,81%",,,,,,115,531 fois / jour,"267,605",,0,Hépatoprotecteur ,Ashiliv chick,,
,dimanche 7 février 2027,,719,2327,,973,"41,81%",,,,,,115,532 fois / jour,"267,605",,0,Hépatoprotecteur ,Ashiliv chick,,
,lundi 8 février 2027,,720,2327,,973,"41,81%",,,,,,115,533 fois / jour,"267,605",,0,Hépatoprotecteur ,Ashiliv chick,,
,mardi 9 février 2027,,721,2327,,973,"41,81%",,,,,,115,534 fois / jour,"267,605",,0,Hépatoprotecteur ,Ashiliv chick,,
,mercredi 10 février 2027,104,722,2327,,973,"41,81%",,,,,,115,535 fois / jour,"267,605",,0,,,,
,jeudi 11 février 2027,,723,2327,,973,"41,81%",,,,,,115,536 fois / jour,"267,605",,0,,,,
,vendredi 12 février 2027,,724,2327,,973,"41,81%",,,,,,115,537 fois / jour,"267,605",,0,,,,
,samedi 13 février 2027,,725,2327,,973,"41,81%",,,,,,115,538 fois / jour,"267,605",,0,,,,
,dimanche 14 février 2027,,726,2327,,973,"41,81%",,,,,,115,539 fois / jour,"267,605",,0,,,,
,lundi 15 février 2027,,727,2327,,973,"41,81%",,,,,,115,540 fois / jour,"267,605",,0,,,,
,mardi 16 février 2027,,728,2327,,973,"41,81%",,,,,,115,541 fois / jour,"267,605",,0,Vitamines,BioVit,,
,mercredi 17 février 2027,105,729,2327,,973,"41,81%",,,,,,115,542 fois / jour,"267,605",,0,Vitamines,BioVit,,
,jeudi 18 février 2027,,730,2327,,973,"41,81%",,,,,,115,543 fois / jour,"267,605",,0,Vitamines,BioVit,,
,vendredi 19 février 2027,,731,2327,,973,"41,81%",,,,,,115,544 fois / jour,"267,605",,0,Vitamines,BioVit,,
,samedi 20 février 2027,,732,2327,,973,"41,81%",,,,,,115,545 fois / jour,"267,605",,0,,,,
,dimanche 21 février 2027,,733,2327,,973,"41,81%",,,,,,115,546 fois / jour,"267,605",,0,,,,
,lundi 22 février 2027,,734,2327,,973,"41,81%",,,,,,115,547 fois / jour,"267,605",,0,,,,
,mardi 23 février 2027,,735,2327,,973,"41,81%",,,,,,115,548 fois / jour,"267,605",,0,,,,
,mercredi 24 février 2027,106,736,2327,,973,"41,81%",,,,,,115,549 fois / jour,"267,605",,0,,,,
,jeudi 25 février 2027,,737,2327,,973,"41,81%",,,,,,115,550 fois / jour,"267,605",,0,,,,
,vendredi 26 février 2027,,738,2327,,973,"41,81%",,,,,,115,551 fois / jour,"267,605",,0,,,,
,samedi 27 février 2027,,739,2327,,973,"41,81%",,,,,,115,552 fois / jour,"267,605",,0,,,,
,dimanche 28 février 2027,,740,2327,,973,"41,81%",,,,,,115,553 fois / jour,"267,605",,0,,,,
,lundi 1 mars 2027,,741,2327,,973,"41,81%",,,,,,115,554 fois / jour,"267,605",,0,Hépatoprotecteur ,Ashiliv chick,,
,mardi 2 mars 2027,,742,2327,,973,"41,81%",,,,,,115,555 fois / jour,"267,605",,0,Hépatoprotecteur ,Ashiliv chick,,
,mercredi 3 mars 2027,107,743,2327,,973,"41,81%",,,,,,115,556 fois / jour,"267,605",,0,Hépatoprotecteur ,Ashiliv chick,,
,jeudi 4 mars 2027,,744,2327,,973,"41,81%",,,,,,115,557 fois / jour,"267,605",,0,Hépatoprotecteur ,Ashiliv chick,,
,vendredi 5 mars 2027,,745,2327,,973,"41,81%",,,,,,115,558 fois / jour,"267,605",,0,Hépatoprotecteur ,Ashiliv chick,,
,samedi 6 mars 2027,,746,2327,,973,"41,81%",,,,,,115,559 fois / jour,"267,605",,0,Hépatoprotecteur ,Ashiliv chick,,
,dimanche 7 mars 2027,,747,2327,,973,"41,81%",,,,,,115,560 fois / jour,"267,605",,0,,,,
,lundi 8 mars 2027,,748,2327,,973,"41,81%",,,,,,115,561 fois / jour,"267,605",,0,,,,