Date,Semaine,Jour,Cheptel,,,,Taux de M/S,
,,,Effectif ,Morts,Cumul,Cum %,,
mercredi 10 juin 2026,1,1,3287,5,5,"0,15%",,
jeudi 11 juin 2026,,2,3282,10,15,"0,46%",,
vendredi 12 juin 2026,,3,3272,2,17,"0,52%",,
samedi 13 juin 2026,,4,3270,4,21,"0,64%",,
dimanche 14 juin 2026,,5,3266,0,21,"0,64%",,
lundi 15 juin 2026,,6,3266,3,24,"0,73%",,
mardi 16 juin 2026,,7,3263,0,24,"0,74%",24,
mercredi 17 juin 2026,2,8,3263,4,28,"0,86%",,
jeudi 18 juin 2026,,9,3259,1,29,"0,89%",,
vendredi 19 juin 2026,,10,3258,1,30,"0,92%",,
samedi 20 juin 2026,,11,3257,0,30,"0,92%",,
dimanche 21 juin 2026,,12,3257,0,30,"0,92%",,
lundi 22 juin 2026,,13,3257,2,32,"0,98%",,
mardi 23 juin 2026,,14,3255,0,32,"0,98%",8,
mercredi 24 juin 2026,3,15,3255,1,33,"1,01%",,
jeudi 25 juin 2026,,16,3254,0,33,"1,01%",,
vendredi 26 juin 2026,,17,3254,0,33,"1,01%",,
samedi 27 juin 2026,,18,3254,0,33,"1,01%",,
dimanche 28 juin 2026,,19,3254,0,33,"1,01%",,
lundi 29 juin 2026,,20,3254,0,33,"1,01%",,
mardi 30 juin 2026,,21,3254,0,33,"1,01%",1,
mercredi 1 juillet 2026,4,22,3254,0,33,"1,01%",,
jeudi 2 juillet 2026,,23,3254,0,33,"1,01%",,
vendredi 3 juillet 2026,,24,3254,0,33,"1,01%",,
samedi 4 juillet 2026,,25,3254,0,33,"1,01%",,
dimanche 5 juillet 2026,,26,3254,3,36,"1,11%",,
lundi 6 juillet 2026,,27,3251,6,42,"1,29%",,
mardi 7 juillet 2026,,28,3245,69,111,"3,42%",78,
mercredi 8 juillet 2026,5,29,3176,96,207,"6,52%",,
jeudi 9 juillet 2026,,30,3080,35,242,"7,86%",,
vendredi 10 juillet 2026,,31,3045,9,251,"8,24%",,
samedi 11 juillet 2026,,32,3036,2,253,"8,33%",,
dimanche 12 juillet 2026,,33,3034,2,255,"8,40%",,
lundi 13 juillet 2026,,34,3032,2,257,"8,48%",,
mardi 14 juillet 2026,,35,3030,0,257,"8,48%",146,131
mercredi 15 juillet 2026,6,36,3030,1,258,"8,51%",,
jeudi 16 juillet 2026,,37,3029,0,258,"8,52%",,
vendredi 17 juillet 2026,,38,3029,0,258,"8,52%",,
samedi 18 juillet 2026,,39,3029,0,258,"8,52%",,
dimanche 19 juillet 2026,,40,3029,0,258,"8,52%",,
lundi 20 juillet 2026,,41,3029,0,258,"8,52%",,
mardi 21 juillet 2026,,42,3029,4,262,"8,65%",5,
mercredi 22 juillet 2026,7,43,3025,0,262,"8,66%",,
jeudi 23 juillet 2026,,44,3025,1,263,"8,69%",,
vendredi 24 juillet 2026,,45,3024,1,264,"8,73%",,
samedi 25 juillet 2026,,46,3023,0,264,"8,73%",,
dimanche 26 juillet 2026,,47,3023,0,264,"8,73%",,
lundi 27 juillet 2026,,48,3023,0,264,"8,73%",,
mardi 28 juillet 2026,,49,3023,3,267,"8,83%",5,
mercredi 29 juillet 2026,8,50,3020,0,267,"8,84%",,
jeudi 30 juillet 2026,,51,3020,0,267,"8,84%",,
vendredi 31 juillet 2026,,52,3020,3,270,"8,94%",,
samedi 1 août 2026,,53,3017,0,270,"8,95%",,
dimanche 2 août 2026,,54,3017,2,272,"9,02%",,
lundi 3 août 2026,,55,3015,3,275,"9,12%",,
mardi 4 août 2026,,56,3012,3,278,"9,23%",11,
mercredi 5 août 2026,9,57,3009,0,278,"9,24%",,
jeudi 6 août 2026,,58,3009,0,278,"9,24%",,
vendredi 7 août 2026,,59,3009,0,278,"9,24%",,
samedi 8 août 2026,,60,3009,0,278,"9,24%",,
dimanche 9 août 2026,,61,3009,0,278,"9,24%",,
lundi 10 août 2026,,62,3009,0,278,"9,24%",,
mardi 11 août 2026,,63,3009,0,278,"9,24%",0,
mercredi 12 août 2026,10,64,3009,0,278,"9,24%",,
jeudi 13 août 2026,,65,3009,0,278,"9,24%",,
vendredi 14 août 2026,,66,3009,0,278,"9,24%",,
samedi 15 août 2026,,67,3009,0,278,"9,24%",,
dimanche 16 août 2026,,68,3009,0,278,"9,24%",,
lundi 17 août 2026,,69,3009,0,278,"9,24%",,
mardi 18 août 2026,,70,3009,0,278,"9,24%",0,
mercredi 19 août 2026,11,71,3009,0,278,"9,24%",,
jeudi 20 août 2026,,72,3009,0,278,"9,24%",,
vendredi 21 août 2026,,73,3009,0,278,"9,24%",,
samedi 22 août 2026,,74,3009,0,278,"9,24%",,
dimanche 23 août 2026,,75,3009,0,278,"9,24%",,
lundi 24 août 2026,,76,3009,0,278,"9,24%",,
mardi 25 août 2026,,77,3009,0,278,"9,24%",0,
mercredi 26 août 2026,12,78,3009,0,278,"9,24%",,
jeudi 27 août 2026,,79,3009,0,278,"9,24%",,
vendredi 28 août 2026,,80,3009,0,278,"9,24%",,
samedi 29 août 2026,,81,3009,0,278,"9,24%",,
dimanche 30 août 2026,,82,3009,0,278,"9,24%",,
lundi 31 août 2026,,83,3009,0,278,"9,24%",,
mardi 1 septembre 2026,,84,3009,0,278,"9,24%",0,
mercredi 2 septembre 2026,13,85,3009,0,278,"9,24%",,
jeudi 3 septembre 2026,,86,3009,0,278,"9,24%",,
vendredi 4 septembre 2026,,87,3009,0,278,"9,24%",,
samedi 5 septembre 2026,,88,3009,0,278,"9,24%",,
dimanche 6 septembre 2026,,89,3009,0,278,"9,24%",,
lundi 7 septembre 2026,,90,3009,0,278,"9,24%",,
mardi 8 septembre 2026,,91,3009,0,278,"9,24%",0,
mercredi 9 septembre 2026,14,92,3009,0,278,"9,24%",,
jeudi 10 septembre 2026,,93,3009,0,278,"9,24%",,
vendredi 11 septembre 2026,,94,3009,0,278,"9,24%",,
samedi 12 septembre 2026,,95,3009,0,278,"9,24%",,
dimanche 13 septembre 2026,,96,3009,0,278,"9,24%",,
lundi 14 septembre 2026,,97,3009,0,278,"9,24%",,
mardi 15 septembre 2026,,98,3009,0,278,"9,24%",0,
mercredi 16 septembre 2026,15,99,3009,0,278,"9,24%",,
jeudi 17 septembre 2026,,100,3009,0,278,"9,24%",,
vendredi 18 septembre 2026,,101,3009,0,278,"9,24%",,
samedi 19 septembre 2026,,102,3009,0,278,"9,24%",,
dimanche 20 septembre 2026,,103,3009,0,278,"9,24%",,
lundi 21 septembre 2026,,104,3009,0,278,"9,24%",,
mardi 22 septembre 2026,,105,3009,0,278,"9,24%",0,
mercredi 23 septembre 2026,16,106,3009,0,278,"9,24%",,
jeudi 24 septembre 2026,,107,3009,0,278,"9,24%",,
vendredi 25 septembre 2026,,108,3009,0,278,"9,24%",,
samedi 26 septembre 2026,,109,3009,0,278,"9,24%",,
dimanche 27 septembre 2026,,110,3009,0,278,"9,24%",,
lundi 28 septembre 2026,,111,3009,0,278,"9,24%",,
mardi 29 septembre 2026,,112,3009,0,278,"9,24%",0,
mercredi 30 septembre 2026,17,113,3009,0,278,"9,24%",,
jeudi 1 octobre 2026,,114,3009,0,278,"9,24%",,
vendredi 2 octobre 2026,,115,3009,0,278,"9,24%",,
samedi 3 octobre 2026,,116,3009,0,278,"9,24%",,
dimanche 4 octobre 2026,,117,3009,0,278,"9,24%",,
lundi 5 octobre 2026,,118,3009,0,278,"9,24%",,
mardi 6 octobre 2026,,119,3009,0,278,"9,24%",0,
mercredi 7 octobre 2026,18,120,3009,0,278,"9,24%",,
jeudi 8 octobre 2026,,121,3009,0,278,"9,24%",,
vendredi 9 octobre 2026,,122,3009,0,278,"9,24%",,
samedi 10 octobre 2026,,123,3009,0,278,"9,24%",,
dimanche 11 octobre 2026,,124,3009,0,278,"9,24%",,
lundi 12 octobre 2026,,125,3009,0,278,"9,24%",,
mardi 13 octobre 2026,,126,3009,0,278,"9,24%",0,
mercredi 14 octobre 2026,19,127,3009,0,278,"9,24%",,
jeudi 15 octobre 2026,,128,3009,0,278,"9,24%",,
vendredi 16 octobre 2026,,129,3009,0,278,"9,24%",,
samedi 17 octobre 2026,,130,3009,0,278,"9,24%",,
dimanche 18 octobre 2026,,131,3009,0,278,"9,24%",,
lundi 19 octobre 2026,,132,3009,0,278,"9,24%",,
mardi 20 octobre 2026,,133,3009,0,278,"9,24%",0,
mercredi 21 octobre 2026,20,134,3009,0,278,"9,24%",,
jeudi 22 octobre 2026,,135,3009,0,278,"9,24%",,
vendredi 23 octobre 2026,,136,3009,0,278,"9,24%",,
samedi 24 octobre 2026,,137,3009,0,278,"9,24%",,
dimanche 25 octobre 2026,,138,3009,0,278,"9,24%",,
lundi 26 octobre 2026,,139,3009,0,278,"9,24%",,
mardi 27 octobre 2026,,140,3009,0,278,"9,24%",0,
mercredi 28 octobre 2026,21,141,3009,0,278,"9,24%",,
jeudi 29 octobre 2026,,142,3009,0,278,"9,24%",,
vendredi 30 octobre 2026,,143,3009,0,278,"9,24%",,
samedi 31 octobre 2026,,144,3009,0,278,"9,24%",,
dimanche 1 novembre 2026,,145,3009,0,278,"9,24%",,
lundi 2 novembre 2026,,146,3009,0,278,"9,24%",,
mardi 3 novembre 2026,,147,3009,0,278,"9,24%",0,
mercredi 4 novembre 2026,22,148,3009,0,278,"9,24%",,
jeudi 5 novembre 2026,,149,3009,0,278,"9,24%",,
vendredi 6 novembre 2026,,150,3009,0,278,"9,24%",,
samedi 7 novembre 2026,,151,3009,0,278,"9,24%",,
dimanche 8 novembre 2026,,152,3009,0,278,"9,24%",,
lundi 9 novembre 2026,,153,3009,0,278,"9,24%",,
mardi 10 novembre 2026,,154,3009,0,278,"9,24%",0,
mercredi 11 novembre 2026,23,155,3009,0,278,"9,24%",,
jeudi 12 novembre 2026,,156,3009,0,278,"9,24%",,
vendredi 13 novembre 2026,,157,3009,0,278,"9,24%",,
samedi 14 novembre 2026,,158,3009,0,278,"9,24%",,
dimanche 15 novembre 2026,,159,3009,0,278,"9,24%",,
lundi 16 novembre 2026,,160,3009,0,278,"9,24%",,
mardi 17 novembre 2026,,161,3009,0,278,"9,24%",0,
mercredi 18 novembre 2026,24,162,3009,0,278,"9,24%",,
jeudi 19 novembre 2026,,163,3009,0,278,"9,24%",,
vendredi 20 novembre 2026,,164,3009,0,278,"9,24%",,
samedi 21 novembre 2026,,165,3009,0,278,"9,24%",,
dimanche 22 novembre 2026,,166,3009,0,278,"9,24%",,
lundi 23 novembre 2026,,167,3009,0,278,"9,24%",,
mardi 24 novembre 2026,,168,3009,0,278,"9,24%",0,
mercredi 25 novembre 2026,25,169,3009,0,278,"9,24%",,
jeudi 26 novembre 2026,,170,3009,0,278,"9,24%",,
vendredi 27 novembre 2026,,171,3009,0,278,"9,24%",,
samedi 28 novembre 2026,,172,3009,0,278,"9,24%",,
dimanche 29 novembre 2026,,173,3009,0,278,"9,24%",,
lundi 30 novembre 2026,,174,3009,0,278,"9,24%",,
mardi 1 décembre 2026,,175,3009,0,278,"9,24%",0,
mercredi 2 décembre 2026,26,176,3009,0,278,"9,24%",,
jeudi 3 décembre 2026,,177,3009,0,278,"9,24%",,
vendredi 4 décembre 2026,,178,3009,0,278,"9,24%",,
samedi 5 décembre 2026,,179,3009,0,278,"9,24%",,
dimanche 6 décembre 2026,,180,3009,0,278,"9,24%",,
lundi 7 décembre 2026,,181,3009,0,278,"9,24%",,
mardi 8 décembre 2026,,182,3009,0,278,"9,24%",0,
mercredi 9 décembre 2026,27,183,3009,0,278,"9,24%",,
jeudi 10 décembre 2026,,184,3009,0,278,"9,24%",,
vendredi 11 décembre 2026,,185,3009,0,278,"9,24%",,
samedi 12 décembre 2026,,186,3009,0,278,"9,24%",,
dimanche 13 décembre 2026,,187,3009,0,278,"9,24%",,
lundi 14 décembre 2026,,188,3009,0,278,"9,24%",,
mardi 15 décembre 2026,,189,3009,0,278,"9,24%",0,
mercredi 16 décembre 2026,28,190,3009,0,278,"9,24%",,
jeudi 17 décembre 2026,,191,3009,0,278,"9,24%",,
vendredi 18 décembre 2026,,192,3009,0,278,"9,24%",,
samedi 19 décembre 2026,,193,3009,0,278,"9,24%",,
dimanche 20 décembre 2026,,194,3009,0,278,"9,24%",,
lundi 21 décembre 2026,,195,3009,0,278,"9,24%",,
mardi 22 décembre 2026,,196,3009,0,278,"9,24%",0,
mercredi 23 décembre 2026,29,197,3009,0,278,"9,24%",,
jeudi 24 décembre 2026,,198,3009,0,278,"9,24%",,
vendredi 25 décembre 2026,,199,3009,0,278,"9,24%",,
samedi 26 décembre 2026,,200,3009,0,278,"9,24%",,
dimanche 27 décembre 2026,,201,3009,0,278,"9,24%",,
lundi 28 décembre 2026,,202,3009,0,278,"9,24%",,
mardi 29 décembre 2026,,203,3009,0,278,"9,24%",0,
mercredi 30 décembre 2026,30,204,3009,0,278,"9,24%",,
jeudi 31 décembre 2026,,205,3009,0,278,"9,24%",,
vendredi 1 janvier 2027,,206,3009,0,278,"9,24%",,
samedi 2 janvier 2027,,207,3009,0,278,"9,24%",,
dimanche 3 janvier 2027,,208,3009,0,278,"9,24%",,
lundi 4 janvier 2027,,209,3009,0,278,"9,24%",,
mardi 5 janvier 2027,,210,3009,0,278,"9,24%",0,
mercredi 6 janvier 2027,31,211,3009,0,278,"9,24%",,
jeudi 7 janvier 2027,,212,3009,0,278,"9,24%",,
vendredi 8 janvier 2027,,213,3009,0,278,"9,24%",,
samedi 9 janvier 2027,,214,3009,0,278,"9,24%",,
dimanche 10 janvier 2027,,215,3009,0,278,"9,24%",,
lundi 11 janvier 2027,,216,3009,0,278,"9,24%",,
mardi 12 janvier 2027,,217,3009,0,278,"9,24%",0,
mercredi 13 janvier 2027,32,218,3009,0,278,"9,24%",,
jeudi 14 janvier 2027,,219,3009,0,278,"9,24%",,
vendredi 15 janvier 2027,,220,3009,0,278,"9,24%",,
samedi 16 janvier 2027,,221,3009,0,278,"9,24%",,
dimanche 17 janvier 2027,,222,3009,0,278,"9,24%",,
lundi 18 janvier 2027,,223,3009,0,278,"9,24%",,
mardi 19 janvier 2027,,224,3009,0,278,"9,24%",0,
mercredi 20 janvier 2027,33,225,3009,0,278,"9,24%",,
jeudi 21 janvier 2027,,226,3009,0,278,"9,24%",,
vendredi 22 janvier 2027,,227,3009,0,278,"9,24%",,
samedi 23 janvier 2027,,228,3009,0,278,"9,24%",,
dimanche 24 janvier 2027,,229,3009,0,278,"9,24%",,
lundi 25 janvier 2027,,230,3009,0,278,"9,24%",,
mardi 26 janvier 2027,,231,3009,0,278,"9,24%",0,
mercredi 27 janvier 2027,34,232,3009,0,278,"9,24%",,
jeudi 28 janvier 2027,,233,3009,0,278,"9,24%",,
vendredi 29 janvier 2027,,234,3009,0,278,"9,24%",,
samedi 30 janvier 2027,,235,3009,0,278,"9,24%",,
dimanche 31 janvier 2027,,236,3009,0,278,"9,24%",,
lundi 1 février 2027,,237,3009,0,278,"9,24%",,
mardi 2 février 2027,,238,3009,0,278,"9,24%",0,
mercredi 3 février 2027,35,239,3009,0,278,"9,24%",,
jeudi 4 février 2027,,240,3009,0,278,"9,24%",,
vendredi 5 février 2027,,241,3009,0,278,"9,24%",,
samedi 6 février 2027,,242,3009,0,278,"9,24%",,
dimanche 7 février 2027,,243,3009,0,278,"9,24%",,
lundi 8 février 2027,,244,3009,0,278,"9,24%",,
mardi 9 février 2027,,245,3009,0,278,"9,24%",0,
mercredi 10 février 2027,36,246,3009,0,278,"9,24%",,
jeudi 11 février 2027,,247,3009,0,278,"9,24%",,
vendredi 12 février 2027,,248,3009,0,278,"9,24%",,
samedi 13 février 2027,,249,3009,0,278,"9,24%",,
dimanche 14 février 2027,,250,3009,0,278,"9,24%",,
lundi 15 février 2027,,251,3009,0,278,"9,24%",,
mardi 16 février 2027,,252,3009,0,278,"9,24%",0,
mercredi 17 février 2027,37,253,3009,0,278,"9,24%",,
jeudi 18 février 2027,,254,3009,0,278,"9,24%",,
vendredi 19 février 2027,,255,3009,0,278,"9,24%",,
samedi 20 février 2027,,256,3009,0,278,"9,24%",,
dimanche 21 février 2027,,257,3009,0,278,"9,24%",,
lundi 22 février 2027,,258,3009,0,278,"9,24%",,
mardi 23 février 2027,,259,3009,0,278,"9,24%",0,
mercredi 24 février 2027,38,260,3009,0,278,"9,24%",,
jeudi 25 février 2027,,261,3009,0,278,"9,24%",,
vendredi 26 février 2027,,262,3009,0,278,"9,24%",,
samedi 27 février 2027,,263,3009,0,278,"9,24%",,
dimanche 28 février 2027,,264,3009,0,278,"9,24%",,
lundi 1 mars 2027,,265,3009,0,278,"9,24%",,
mardi 2 mars 2027,,266,3009,0,278,"9,24%",0,
mercredi 3 mars 2027,39,267,3009,0,278,"9,24%",,
jeudi 4 mars 2027,,268,3009,0,278,"9,24%",,
vendredi 5 mars 2027,,269,3009,0,278,"9,24%",,
samedi 6 mars 2027,,270,3009,0,278,"9,24%",,
dimanche 7 mars 2027,,271,3009,0,278,"9,24%",,
lundi 8 mars 2027,,272,3009,0,278,"9,24%",,
mardi 9 mars 2027,,273,3009,0,278,"9,24%",0,
mercredi 10 mars 2027,40,274,3009,0,278,"9,24%",,
jeudi 11 mars 2027,,275,3009,0,278,"9,24%",,
vendredi 12 mars 2027,,276,3009,0,278,"9,24%",,
samedi 13 mars 2027,,277,3009,0,278,"9,24%",,
dimanche 14 mars 2027,,278,3009,0,278,"9,24%",,
lundi 15 mars 2027,,279,3009,0,278,"9,24%",,
mardi 16 mars 2027,,280,3009,0,278,"9,24%",0,
mercredi 17 mars 2027,41,281,3009,0,278,"9,24%",,
jeudi 18 mars 2027,,282,3009,0,278,"9,24%",,
vendredi 19 mars 2027,,283,3009,0,278,"9,24%",,
samedi 20 mars 2027,,284,3009,0,278,"9,24%",,
dimanche 21 mars 2027,,285,3009,0,278,"9,24%",,
lundi 22 mars 2027,,286,3009,0,278,"9,24%",,
mardi 23 mars 2027,,287,3009,0,278,"9,24%",0,
mercredi 24 mars 2027,42,288,3009,0,278,"9,24%",,
jeudi 25 mars 2027,,289,3009,0,278,"9,24%",,
vendredi 26 mars 2027,,290,3009,0,278,"9,24%",,
samedi 27 mars 2027,,291,3009,0,278,"9,24%",,
dimanche 28 mars 2027,,292,3009,0,278,"9,24%",,
lundi 29 mars 2027,,293,3009,0,278,"9,24%",,
mardi 30 mars 2027,,294,3009,0,278,"9,24%",0,
mercredi 31 mars 2027,43,295,3009,0,278,"9,24%",,
jeudi 1 avril 2027,,296,3009,0,278,"9,24%",,
vendredi 2 avril 2027,,297,3009,0,278,"9,24%",,
samedi 3 avril 2027,,298,3009,0,278,"9,24%",,
dimanche 4 avril 2027,,299,3009,0,278,"9,24%",,
lundi 5 avril 2027,,300,3009,0,278,"9,24%",,
mardi 6 avril 2027,,301,3009,0,278,"9,24%",0,
mercredi 7 avril 2027,44,302,3009,0,278,"9,24%",,
jeudi 8 avril 2027,,303,3009,0,278,"9,24%",,
vendredi 9 avril 2027,,304,3009,0,278,"9,24%",,
samedi 10 avril 2027,,305,3009,0,278,"9,24%",,
dimanche 11 avril 2027,,306,3009,0,278,"9,24%",,
lundi 12 avril 2027,,307,3009,0,278,"9,24%",,
mardi 13 avril 2027,,308,3009,0,278,"9,24%",0,
mercredi 14 avril 2027,45,309,3009,0,278,"9,24%",,
jeudi 15 avril 2027,,310,3009,0,278,"9,24%",,
vendredi 16 avril 2027,,311,3009,0,278,"9,24%",,
samedi 17 avril 2027,,312,3009,0,278,"9,24%",,
dimanche 18 avril 2027,,313,3009,0,278,"9,24%",,
lundi 19 avril 2027,,314,3009,0,278,"9,24%",,
mardi 20 avril 2027,,315,3009,0,278,"9,24%",0,
mercredi 21 avril 2027,46,316,3009,0,278,"9,24%",,
jeudi 22 avril 2027,,317,3009,0,278,"9,24%",,
vendredi 23 avril 2027,,318,3009,0,278,"9,24%",,
samedi 24 avril 2027,,319,3009,0,278,"9,24%",,
dimanche 25 avril 2027,,320,3009,0,278,"9,24%",,
lundi 26 avril 2027,,321,3009,0,278,"9,24%",,
mardi 27 avril 2027,,322,3009,0,278,"9,24%",0,
mercredi 28 avril 2027,47,323,3009,0,278,"9,24%",,
jeudi 29 avril 2027,,324,3009,0,278,"9,24%",,
vendredi 30 avril 2027,,325,3009,0,278,"9,24%",,
samedi 1 mai 2027,,326,3009,0,278,"9,24%",,
dimanche 2 mai 2027,,327,3009,0,278,"9,24%",,
lundi 3 mai 2027,,328,3009,0,278,"9,24%",,
mardi 4 mai 2027,,329,3009,0,278,"9,24%",0,
mercredi 5 mai 2027,48,330,3009,0,278,"9,24%",,
jeudi 6 mai 2027,,331,3009,0,278,"9,24%",,
vendredi 7 mai 2027,,332,3009,0,278,"9,24%",,
samedi 8 mai 2027,,333,3009,0,278,"9,24%",,
dimanche 9 mai 2027,,334,3009,0,278,"9,24%",,
lundi 10 mai 2027,,335,3009,0,278,"9,24%",,
mardi 11 mai 2027,,336,3009,0,278,"9,24%",0,
mercredi 12 mai 2027,49,337,3009,0,278,"9,24%",,
jeudi 13 mai 2027,,338,3009,0,278,"9,24%",,
vendredi 14 mai 2027,,339,3009,0,278,"9,24%",,
samedi 15 mai 2027,,340,3009,0,278,"9,24%",,
dimanche 16 mai 2027,,341,3009,0,278,"9,24%",,
lundi 17 mai 2027,,342,3009,0,278,"9,24%",,
mardi 18 mai 2027,,343,3009,0,278,"9,24%",0,
mercredi 19 mai 2027,50,344,3009,0,278,"9,24%",,
jeudi 20 mai 2027,,345,3009,0,278,"9,24%",,
vendredi 21 mai 2027,,346,3009,0,278,"9,24%",,
samedi 22 mai 2027,,347,3009,0,278,"9,24%",,
dimanche 23 mai 2027,,348,3009,0,278,"9,24%",,
lundi 24 mai 2027,,349,3009,0,278,"9,24%",,
mardi 25 mai 2027,,350,3009,0,278,"9,24%",0,
mercredi 26 mai 2027,51,351,3009,0,278,"9,24%",,
jeudi 27 mai 2027,,352,3009,0,278,"9,24%",,
vendredi 28 mai 2027,,353,3009,0,278,"9,24%",,
samedi 29 mai 2027,,354,3009,0,278,"9,24%",,
dimanche 30 mai 2027,,355,3009,0,278,"9,24%",,
lundi 31 mai 2027,,356,3009,0,278,"9,24%",,
mardi 1 juin 2027,,357,3009,0,278,"9,24%",0,
mercredi 2 juin 2027,52,358,3009,0,278,"9,24%",,
jeudi 3 juin 2027,,359,3009,0,278,"9,24%",,
vendredi 4 juin 2027,,360,3009,0,278,"9,24%",,
samedi 5 juin 2027,,361,3009,0,278,"9,24%",,
dimanche 6 juin 2027,,362,3009,0,278,"9,24%",,
lundi 7 juin 2027,,363,3009,0,278,"9,24%",,
mardi 8 juin 2027,,364,3009,0,278,"9,24%",0,
mercredi 9 juin 2027,53,365,3009,0,278,"9,24%",,
jeudi 10 juin 2027,,366,3009,0,278,"9,24%",,
vendredi 11 juin 2027,,367,3009,0,278,"9,24%",,
samedi 12 juin 2027,,368,3009,0,278,"9,24%",,
dimanche 13 juin 2027,,369,3009,0,278,"9,24%",,
lundi 14 juin 2027,,370,3009,0,278,"9,24%",,
mardi 15 juin 2027,,371,3009,0,278,"9,24%",0,
mercredi 16 juin 2027,54,372,3009,0,278,"9,24%",,
jeudi 17 juin 2027,,373,3009,0,278,"9,24%",,
vendredi 18 juin 2027,,374,3009,0,278,"9,24%",,
samedi 19 juin 2027,,375,3009,0,278,"9,24%",,
dimanche 20 juin 2027,,376,3009,0,278,"9,24%",,
lundi 21 juin 2027,,377,3009,0,278,"9,24%",,
mardi 22 juin 2027,,378,3009,0,278,"9,24%",0,
mercredi 23 juin 2027,55,379,3009,0,278,"9,24%",,
jeudi 24 juin 2027,,380,3009,0,278,"9,24%",,
vendredi 25 juin 2027,,381,3009,0,278,"9,24%",,
samedi 26 juin 2027,,382,3009,0,278,"9,24%",,
dimanche 27 juin 2027,,383,3009,0,278,"9,24%",,
lundi 28 juin 2027,,384,3009,0,278,"9,24%",,
mardi 29 juin 2027,,385,3009,0,278,"9,24%",0,
mercredi 30 juin 2027,56,386,3009,0,278,"9,24%",,
jeudi 1 juillet 2027,,387,3009,0,278,"9,24%",,
vendredi 2 juillet 2027,,388,3009,0,278,"9,24%",,
samedi 3 juillet 2027,,389,3009,0,278,"9,24%",,
dimanche 4 juillet 2027,,390,3009,0,278,"9,24%",,
lundi 5 juillet 2027,,391,3009,0,278,"9,24%",,
mardi 6 juillet 2027,,392,3009,0,278,"9,24%",0,
mercredi 7 juillet 2027,57,393,3009,0,278,"9,24%",,
jeudi 8 juillet 2027,,394,3009,0,278,"9,24%",,
vendredi 9 juillet 2027,,395,3009,0,278,"9,24%",,
samedi 10 juillet 2027,,396,3009,0,278,"9,24%",,
dimanche 11 juillet 2027,,397,3009,0,278,"9,24%",,
lundi 12 juillet 2027,,398,3009,0,278,"9,24%",,
mardi 13 juillet 2027,,399,3009,0,278,"9,24%",0,
mercredi 14 juillet 2027,58,400,3009,0,278,"9,24%",,
jeudi 15 juillet 2027,,401,3009,0,278,"9,24%",,
vendredi 16 juillet 2027,,402,3009,0,278,"9,24%",,
samedi 17 juillet 2027,,403,3009,0,278,"9,24%",,
dimanche 18 juillet 2027,,404,3009,0,278,"9,24%",,
lundi 19 juillet 2027,,405,3009,0,278,"9,24%",,
mardi 20 juillet 2027,,406,3009,0,278,"9,24%",0,
mercredi 21 juillet 2027,59,407,3009,0,278,"9,24%",,
jeudi 22 juillet 2027,,408,3009,0,278,"9,24%",,
vendredi 23 juillet 2027,,409,3009,0,278,"9,24%",,
samedi 24 juillet 2027,,410,3009,0,278,"9,24%",,
dimanche 25 juillet 2027,,411,3009,0,278,"9,24%",,
lundi 26 juillet 2027,,412,3009,0,278,"9,24%",,
mardi 27 juillet 2027,,413,3009,0,278,"9,24%",0,
mercredi 28 juillet 2027,60,414,3009,0,278,"9,24%",,
jeudi 29 juillet 2027,,415,3009,0,278,"9,24%",,
vendredi 30 juillet 2027,,416,3009,0,278,"9,24%",,
samedi 31 juillet 2027,,417,3009,0,278,"9,24%",,
dimanche 1 août 2027,,418,3009,0,278,"9,24%",,
lundi 2 août 2027,,419,3009,0,278,"9,24%",,
mardi 3 août 2027,,420,3009,0,278,"9,24%",0,
mercredi 4 août 2027,61,421,3009,0,278,"9,24%",,
jeudi 5 août 2027,,422,3009,0,278,"9,24%",,
vendredi 6 août 2027,,423,3009,0,278,"9,24%",,
samedi 7 août 2027,,424,3009,0,278,"9,24%",,
dimanche 8 août 2027,,425,3009,0,278,"9,24%",,
lundi 9 août 2027,,426,3009,0,278,"9,24%",,
mardi 10 août 2027,,427,3009,0,278,"9,24%",0,
mercredi 11 août 2027,62,428,3009,0,278,"9,24%",,
jeudi 12 août 2027,,429,3009,0,278,"9,24%",,
vendredi 13 août 2027,,430,3009,0,278,"9,24%",,
samedi 14 août 2027,,431,3009,0,278,"9,24%",,
dimanche 15 août 2027,,432,3009,0,278,"9,24%",,
lundi 16 août 2027,,433,3009,0,278,"9,24%",,
mardi 17 août 2027,,434,3009,0,278,"9,24%",0,
mercredi 18 août 2027,63,435,3009,0,278,"9,24%",,
jeudi 19 août 2027,,436,3009,0,278,"9,24%",,
vendredi 20 août 2027,,437,3009,0,278,"9,24%",,
samedi 21 août 2027,,438,3009,0,278,"9,24%",,
dimanche 22 août 2027,,439,3009,0,278,"9,24%",,
lundi 23 août 2027,,440,3009,0,278,"9,24%",,
mardi 24 août 2027,,441,3009,0,278,"9,24%",0,
mercredi 25 août 2027,64,442,3009,0,278,"9,24%",,
jeudi 26 août 2027,,443,3009,0,278,"9,24%",,
vendredi 27 août 2027,,444,3009,0,278,"9,24%",,
samedi 28 août 2027,,445,3009,0,278,"9,24%",,
dimanche 29 août 2027,,446,3009,0,278,"9,24%",,
lundi 30 août 2027,,447,3009,0,278,"9,24%",,
mardi 31 août 2027,,448,3009,0,278,"9,24%",0,
mercredi 1 septembre 2027,65,449,3009,0,278,"9,24%",,
jeudi 2 septembre 2027,,450,3009,0,278,"9,24%",,
vendredi 3 septembre 2027,,451,3009,0,278,"9,24%",,
samedi 4 septembre 2027,,452,3009,0,278,"9,24%",,
dimanche 5 septembre 2027,,453,3009,0,278,"9,24%",,
lundi 6 septembre 2027,,454,3009,0,278,"9,24%",,
mardi 7 septembre 2027,,455,3009,0,278,"9,24%",0,
mercredi 8 septembre 2027,66,456,3009,0,278,"9,24%",,
jeudi 9 septembre 2027,,457,3009,0,278,"9,24%",,
vendredi 10 septembre 2027,,458,3009,0,278,"9,24%",,
samedi 11 septembre 2027,,459,3009,0,278,"9,24%",,
dimanche 12 septembre 2027,,460,3009,0,278,"9,24%",,
lundi 13 septembre 2027,,461,3009,0,278,"9,24%",,
mardi 14 septembre 2027,,462,3009,0,278,"9,24%",0,
mercredi 15 septembre 2027,67,463,3009,0,278,"9,24%",,
jeudi 16 septembre 2027,,464,3009,0,278,"9,24%",,
vendredi 17 septembre 2027,,465,3009,0,278,"9,24%",,
samedi 18 septembre 2027,,466,3009,0,278,"9,24%",,
dimanche 19 septembre 2027,,467,3009,0,278,"9,24%",,
lundi 20 septembre 2027,,468,3009,0,278,"9,24%",,
mardi 21 septembre 2027,,469,3009,0,278,"9,24%",0,
mercredi 22 septembre 2027,68,470,3009,0,278,"9,24%",,
jeudi 23 septembre 2027,,471,3009,0,278,"9,24%",,
vendredi 24 septembre 2027,,472,3009,0,278,"9,24%",,
samedi 25 septembre 2027,,473,3009,0,278,"9,24%",,
dimanche 26 septembre 2027,,474,3009,0,278,"9,24%",,
lundi 27 septembre 2027,,475,3009,0,278,"9,24%",,
mardi 28 septembre 2027,,476,3009,0,278,"9,24%",0,
mercredi 29 septembre 2027,69,477,3009,0,278,"9,24%",,
jeudi 30 septembre 2027,,478,3009,0,278,"9,24%",,
vendredi 1 octobre 2027,,479,3009,0,278,"9,24%",,
samedi 2 octobre 2027,,480,3009,0,278,"9,24%",,
dimanche 3 octobre 2027,,481,3009,0,278,"9,24%",,
lundi 4 octobre 2027,,482,3009,0,278,"9,24%",,
mardi 5 octobre 2027,,483,3009,0,278,"9,24%",0,
mercredi 6 octobre 2027,70,484,3009,0,278,"9,24%",,
jeudi 7 octobre 2027,,485,3009,0,278,"9,24%",,
vendredi 8 octobre 2027,,486,3009,0,278,"9,24%",,
samedi 9 octobre 2027,,487,3009,0,278,"9,24%",,
dimanche 10 octobre 2027,,488,3009,0,278,"9,24%",,
lundi 11 octobre 2027,,489,3009,0,278,"9,24%",,
mardi 12 octobre 2027,,490,3009,0,278,"9,24%",0,
mercredi 13 octobre 2027,71,491,3009,0,278,"9,24%",,
jeudi 14 octobre 2027,,492,3009,0,278,"9,24%",,
vendredi 15 octobre 2027,,493,3009,0,278,"9,24%",,
samedi 16 octobre 2027,,494,3009,0,278,"9,24%",,
dimanche 17 octobre 2027,,495,3009,0,278,"9,24%",,
lundi 18 octobre 2027,,496,3009,0,278,"9,24%",,
mardi 19 octobre 2027,,497,3009,0,278,"9,24%",0,
mercredi 20 octobre 2027,72,498,3009,0,278,"9,24%",,
jeudi 21 octobre 2027,,499,3009,0,278,"9,24%",,
vendredi 22 octobre 2027,,500,3009,0,278,"9,24%",,
samedi 23 octobre 2027,,501,3009,0,278,"9,24%",,
dimanche 24 octobre 2027,,502,3009,0,278,"9,24%",,
lundi 25 octobre 2027,,503,3009,0,278,"9,24%",,
mardi 26 octobre 2027,,504,3009,0,278,"9,24%",0,
mercredi 27 octobre 2027,73,505,3009,0,278,"9,24%",,
jeudi 28 octobre 2027,,506,3009,0,278,"9,24%",,
vendredi 29 octobre 2027,,507,3009,0,278,"9,24%",,
samedi 30 octobre 2027,,508,3009,0,278,"9,24%",,
dimanche 31 octobre 2027,,509,3009,0,278,"9,24%",,
lundi 1 novembre 2027,,510,3009,0,278,"9,24%",,
mardi 2 novembre 2027,,511,3009,0,278,"9,24%",0,
mercredi 3 novembre 2027,74,512,3009,0,278,"9,24%",,
jeudi 4 novembre 2027,,513,3009,0,278,"9,24%",,
vendredi 5 novembre 2027,,514,3009,0,278,"9,24%",,
samedi 6 novembre 2027,,515,3009,0,278,"9,24%",,
dimanche 7 novembre 2027,,516,3009,0,278,"9,24%",,
lundi 8 novembre 2027,,517,3009,0,278,"9,24%",,
mardi 9 novembre 2027,,518,3009,0,278,"9,24%",0,
mercredi 10 novembre 2027,75,519,3009,0,278,"9,24%",,
jeudi 11 novembre 2027,,520,3009,0,278,"9,24%",,
vendredi 12 novembre 2027,,521,3009,0,278,"9,24%",,
samedi 13 novembre 2027,,522,3009,0,278,"9,24%",,
dimanche 14 novembre 2027,,523,3009,0,278,"9,24%",,
lundi 15 novembre 2027,,524,3009,0,278,"9,24%",,
mardi 16 novembre 2027,,525,3009,0,278,"9,24%",0,
mercredi 17 novembre 2027,76,526,3009,0,278,"9,24%",,
jeudi 18 novembre 2027,,527,3009,0,278,"9,24%",,
vendredi 19 novembre 2027,,528,3009,0,278,"9,24%",,
samedi 20 novembre 2027,,529,3009,0,278,"9,24%",,
dimanche 21 novembre 2027,,530,3009,0,278,"9,24%",,
lundi 22 novembre 2027,,531,3009,0,278,"9,24%",,
mardi 23 novembre 2027,,532,3009,0,278,"9,24%",0,
mercredi 24 novembre 2027,77,533,3009,0,278,"9,24%",,
jeudi 25 novembre 2027,,534,3009,0,278,"9,24%",,
vendredi 26 novembre 2027,,535,3009,0,278,"9,24%",,
samedi 27 novembre 2027,,536,3009,0,278,"9,24%",,
dimanche 28 novembre 2027,,537,3009,0,278,"9,24%",,
lundi 29 novembre 2027,,538,3009,0,278,"9,24%",,
mardi 30 novembre 2027,,539,3009,0,278,"9,24%",0,
mercredi 1 décembre 2027,78,540,3009,0,278,"9,24%",,
jeudi 2 décembre 2027,,541,3009,0,278,"9,24%",,
vendredi 3 décembre 2027,,542,3009,0,278,"9,24%",,
samedi 4 décembre 2027,,543,3009,0,278,"9,24%",,
dimanche 5 décembre 2027,,544,3009,0,278,"9,24%",,
lundi 6 décembre 2027,,545,3009,0,278,"9,24%",,
mardi 7 décembre 2027,,546,3009,0,278,"9,24%",0,
mercredi 8 décembre 2027,79,547,3009,0,278,"9,24%",,
jeudi 9 décembre 2027,,548,3009,0,278,"9,24%",,
vendredi 10 décembre 2027,,549,3009,0,278,"9,24%",,
samedi 11 décembre 2027,,550,3009,0,278,"9,24%",,
dimanche 12 décembre 2027,,551,3009,0,278,"9,24%",,
lundi 13 décembre 2027,,552,3009,0,278,"9,24%",,
mardi 14 décembre 2027,,553,3009,0,278,"9,24%",0,
mercredi 15 décembre 2027,80,554,3009,0,278,"9,24%",,
jeudi 16 décembre 2027,,555,3009,0,278,"9,24%",,
vendredi 17 décembre 2027,,556,3009,0,278,"9,24%",,
samedi 18 décembre 2027,,557,3009,0,278,"9,24%",,
dimanche 19 décembre 2027,,558,3009,0,278,"9,24%",,
lundi 20 décembre 2027,,559,3009,0,278,"9,24%",,
mardi 21 décembre 2027,,560,3009,0,278,"9,24%",0,
mercredi 22 décembre 2027,81,561,3009,0,278,"9,24%",,
jeudi 23 décembre 2027,,562,3009,0,278,"9,24%",,
vendredi 24 décembre 2027,,563,3009,0,278,"9,24%",,
samedi 25 décembre 2027,,564,3009,0,278,"9,24%",,
dimanche 26 décembre 2027,,565,3009,0,278,"9,24%",,
lundi 27 décembre 2027,,566,3009,0,278,"9,24%",,
mardi 28 décembre 2027,,567,3009,0,278,"9,24%",0,
mercredi 29 décembre 2027,82,568,3009,0,278,"9,24%",,
jeudi 30 décembre 2027,,569,3009,0,278,"9,24%",,
vendredi 31 décembre 2027,,570,3009,0,278,"9,24%",,
samedi 1 janvier 2028,,571,3009,0,278,"9,24%",,
dimanche 2 janvier 2028,,572,3009,0,278,"9,24%",,
lundi 3 janvier 2028,,573,3009,0,278,"9,24%",,
mardi 4 janvier 2028,,574,3009,0,278,"9,24%",0,
mercredi 5 janvier 2028,83,575,3009,0,278,"9,24%",,
jeudi 6 janvier 2028,,576,3009,0,278,"9,24%",,
vendredi 7 janvier 2028,,577,3009,0,278,"9,24%",,
samedi 8 janvier 2028,,578,3009,0,278,"9,24%",,
dimanche 9 janvier 2028,,579,3009,0,278,"9,24%",,
lundi 10 janvier 2028,,580,3009,0,278,"9,24%",,
mardi 11 janvier 2028,,581,3009,0,278,"9,24%",0,
mercredi 12 janvier 2028,84,582,3009,0,278,"9,24%",,
jeudi 13 janvier 2028,,583,3009,0,278,"9,24%",,
vendredi 14 janvier 2028,,584,3009,0,278,"9,24%",,
samedi 15 janvier 2028,,585,3009,0,278,"9,24%",,
dimanche 16 janvier 2028,,586,3009,0,278,"9,24%",,
lundi 17 janvier 2028,,587,3009,0,278,"9,24%",,
mardi 18 janvier 2028,,588,3009,0,278,"9,24%",0,
mercredi 19 janvier 2028,85,589,3009,0,278,"9,24%",,
jeudi 20 janvier 2028,,590,3009,0,278,"9,24%",,
vendredi 21 janvier 2028,,591,3009,0,278,"9,24%",,
samedi 22 janvier 2028,,592,3009,0,278,"9,24%",,
dimanche 23 janvier 2028,,593,3009,0,278,"9,24%",,
lundi 24 janvier 2028,,594,3009,0,278,"9,24%",,
mardi 25 janvier 2028,,595,3009,0,278,"9,24%",0,
mercredi 26 janvier 2028,86,596,3009,0,278,"9,24%",,
jeudi 27 janvier 2028,,597,3009,0,278,"9,24%",,
vendredi 28 janvier 2028,,598,3009,0,278,"9,24%",,
samedi 29 janvier 2028,,599,3009,0,278,"9,24%",,
dimanche 30 janvier 2028,,600,3009,0,278,"9,24%",,
lundi 31 janvier 2028,,601,3009,0,278,"9,24%",,
mardi 1 février 2028,,602,3009,0,278,"9,24%",0,
mercredi 2 février 2028,87,603,3009,0,278,"9,24%",,
jeudi 3 février 2028,,604,3009,0,278,"9,24%",,
vendredi 4 février 2028,,605,3009,0,278,"9,24%",,
samedi 5 février 2028,,606,3009,0,278,"9,24%",,
dimanche 6 février 2028,,607,3009,0,278,"9,24%",,
lundi 7 février 2028,,608,3009,0,278,"9,24%",,
mardi 8 février 2028,,609,3009,0,278,"9,24%",0,
mercredi 9 février 2028,88,610,3009,0,278,"9,24%",,
jeudi 10 février 2028,,611,3009,0,278,"9,24%",,
vendredi 11 février 2028,,612,3009,0,278,"9,24%",,
samedi 12 février 2028,,613,3009,0,278,"9,24%",,
dimanche 13 février 2028,,614,3009,0,278,"9,24%",,
lundi 14 février 2028,,615,3009,0,278,"9,24%",,
mardi 15 février 2028,,616,3009,0,278,"9,24%",0,
mercredi 16 février 2028,89,617,3009,0,278,"9,24%",,
jeudi 17 février 2028,,618,3009,0,278,"9,24%",,
vendredi 18 février 2028,,619,3009,0,278,"9,24%",,
samedi 19 février 2028,,620,3009,0,278,"9,24%",,
dimanche 20 février 2028,,621,3009,0,278,"9,24%",,
lundi 21 février 2028,,622,3009,0,278,"9,24%",,
mardi 22 février 2028,,623,3009,0,278,"9,24%",0,
mercredi 23 février 2028,90,624,3009,0,278,"9,24%",,
jeudi 24 février 2028,,625,3009,0,278,"9,24%",,
vendredi 25 février 2028,,626,3009,0,278,"9,24%",,
samedi 26 février 2028,,627,3009,0,278,"9,24%",,
dimanche 27 février 2028,,628,3009,0,278,"9,24%",,
lundi 28 février 2028,,629,3009,0,278,"9,24%",,
mardi 29 février 2028,,630,3009,0,278,"9,24%",0,
mercredi 1 mars 2028,91,631,3009,0,278,"9,24%",,
jeudi 2 mars 2028,,632,3009,0,278,"9,24%",,
vendredi 3 mars 2028,,633,3009,0,278,"9,24%",,
samedi 4 mars 2028,,634,3009,0,278,"9,24%",,
dimanche 5 mars 2028,,635,3009,0,278,"9,24%",,
lundi 6 mars 2028,,636,3009,0,278,"9,24%",,
mardi 7 mars 2028,,637,3009,0,278,"9,24%",0,
mercredi 8 mars 2028,92,638,3009,0,278,"9,24%",,
jeudi 9 mars 2028,,639,3009,0,278,"9,24%",,
vendredi 10 mars 2028,,640,3009,0,278,"9,24%",,
samedi 11 mars 2028,,641,3009,0,278,"9,24%",,
dimanche 12 mars 2028,,642,3009,0,278,"9,24%",,
lundi 13 mars 2028,,643,3009,0,278,"9,24%",,
mardi 14 mars 2028,,644,3009,0,278,"9,24%",0,
mercredi 15 mars 2028,93,645,3009,0,278,"9,24%",,
jeudi 16 mars 2028,,646,3009,0,278,"9,24%",,
vendredi 17 mars 2028,,647,3009,0,278,"9,24%",,
samedi 18 mars 2028,,648,3009,0,278,"9,24%",,
dimanche 19 mars 2028,,649,3009,0,278,"9,24%",,
lundi 20 mars 2028,,650,3009,0,278,"9,24%",,
mardi 21 mars 2028,,651,3009,0,278,"9,24%",0,
mercredi 22 mars 2028,94,652,3009,0,278,"9,24%",,
jeudi 23 mars 2028,,653,3009,0,278,"9,24%",,
vendredi 24 mars 2028,,654,3009,0,278,"9,24%",,
samedi 25 mars 2028,,655,3009,0,278,"9,24%",,
dimanche 26 mars 2028,,656,3009,0,278,"9,24%",,
lundi 27 mars 2028,,657,3009,0,278,"9,24%",,
mardi 28 mars 2028,,658,3009,0,278,"9,24%",0,
mercredi 29 mars 2028,95,659,3009,0,278,"9,24%",,
jeudi 30 mars 2028,,660,3009,0,278,"9,24%",,
vendredi 31 mars 2028,,661,3009,0,278,"9,24%",,
samedi 1 avril 2028,,662,3009,0,278,"9,24%",,
dimanche 2 avril 2028,,663,3009,0,278,"9,24%",,
lundi 3 avril 2028,,664,3009,0,278,"9,24%",,
mardi 4 avril 2028,,665,3009,0,278,"9,24%",0,
mercredi 5 avril 2028,96,666,3009,0,278,"9,24%",,
jeudi 6 avril 2028,,667,3009,0,278,"9,24%",,
vendredi 7 avril 2028,,668,3009,0,278,"9,24%",,
samedi 8 avril 2028,,669,3009,0,278,"9,24%",,
dimanche 9 avril 2028,,670,3009,0,278,"9,24%",,
lundi 10 avril 2028,,671,3009,0,278,"9,24%",,
mardi 11 avril 2028,,672,3009,0,278,"9,24%",0,
mercredi 12 avril 2028,97,673,3009,0,278,"9,24%",,
jeudi 13 avril 2028,,674,3009,0,278,"9,24%",,
vendredi 14 avril 2028,,675,3009,0,278,"9,24%",,
samedi 15 avril 2028,,676,3009,0,278,"9,24%",,
dimanche 16 avril 2028,,677,3009,0,278,"9,24%",,
lundi 17 avril 2028,,678,3009,0,278,"9,24%",,
mardi 18 avril 2028,,679,3009,0,278,"9,24%",0,
mercredi 19 avril 2028,98,680,3009,0,278,"9,24%",,
jeudi 20 avril 2028,,681,3009,0,278,"9,24%",,
vendredi 21 avril 2028,,682,3009,0,278,"9,24%",,
samedi 22 avril 2028,,683,3009,0,278,"9,24%",,
dimanche 23 avril 2028,,684,3009,0,278,"9,24%",,
lundi 24 avril 2028,,685,3009,0,278,"9,24%",,
mardi 25 avril 2028,,686,3009,0,278,"9,24%",0,
mercredi 26 avril 2028,99,687,3009,0,278,"9,24%",,
jeudi 27 avril 2028,,688,3009,0,278,"9,24%",,
vendredi 28 avril 2028,,689,3009,0,278,"9,24%",,
samedi 29 avril 2028,,690,3009,0,278,"9,24%",,
dimanche 30 avril 2028,,691,3009,0,278,"9,24%",,
lundi 1 mai 2028,,692,3009,0,278,"9,24%",,
mardi 2 mai 2028,,693,3009,0,278,"9,24%",0,
mercredi 3 mai 2028,100,694,3009,0,278,"9,24%",,
jeudi 4 mai 2028,,695,3009,0,278,"9,24%",,
vendredi 5 mai 2028,,696,3009,0,278,"9,24%",,
samedi 6 mai 2028,,697,3009,0,278,"9,24%",,
dimanche 7 mai 2028,,698,3009,0,278,"9,24%",,
lundi 8 mai 2028,,699,3009,0,278,"9,24%",,
mardi 9 mai 2028,,700,3009,0,278,"9,24%",0,
mercredi 10 mai 2028,101,701,3009,0,278,"9,24%",,
jeudi 11 mai 2028,,702,3009,0,278,"9,24%",,
vendredi 12 mai 2028,,703,3009,0,278,"9,24%",,
samedi 13 mai 2028,,704,3009,0,278,"9,24%",,
dimanche 14 mai 2028,,705,3009,0,278,"9,24%",,
lundi 15 mai 2028,,706,3009,0,278,"9,24%",,
mardi 16 mai 2028,,707,3009,0,278,"9,24%",0,
mercredi 17 mai 2028,102,708,3009,0,278,"9,24%",,
jeudi 18 mai 2028,,709,3009,0,278,"9,24%",,
vendredi 19 mai 2028,,710,3009,0,278,"9,24%",,
samedi 20 mai 2028,,711,3009,0,278,"9,24%",,
dimanche 21 mai 2028,,712,3009,0,278,"9,24%",,
lundi 22 mai 2028,,713,3009,0,278,"9,24%",,
mardi 23 mai 2028,,714,3009,0,278,"9,24%",0,
mercredi 24 mai 2028,103,715,3009,0,278,"9,24%",,
jeudi 25 mai 2028,,716,3009,0,278,"9,24%",,
vendredi 26 mai 2028,,717,3009,0,278,"9,24%",,
samedi 27 mai 2028,,718,3009,0,278,"9,24%",,
dimanche 28 mai 2028,,719,3009,0,278,"9,24%",,
lundi 29 mai 2028,,720,3009,0,278,"9,24%",,
mardi 30 mai 2028,,721,3009,0,278,"9,24%",0,
mercredi 31 mai 2028,104,722,3009,0,278,"9,24%",,
jeudi 1 juin 2028,,723,3009,0,278,"9,24%",,
vendredi 2 juin 2028,,724,3009,0,278,"9,24%",,
samedi 3 juin 2028,,725,3009,0,278,"9,24%",,
dimanche 4 juin 2028,,726,3009,0,278,"9,24%",,
lundi 5 juin 2028,,727,3009,0,278,"9,24%",,
mardi 6 juin 2028,,728,3009,0,278,"9,24%",0,
mercredi 7 juin 2028,105,729,3009,0,278,"9,24%",,
jeudi 8 juin 2028,,730,3009,0,278,"9,24%",,
vendredi 9 juin 2028,,731,3009,0,278,"9,24%",,
samedi 10 juin 2028,,732,3009,0,278,"9,24%",,
dimanche 11 juin 2028,,733,3009,0,278,"9,24%",,
lundi 12 juin 2028,,734,3009,0,278,"9,24%",,
mardi 13 juin 2028,,735,3009,0,278,"9,24%",0,
mercredi 14 juin 2028,106,736,3009,0,278,"9,24%",,
jeudi 15 juin 2028,,737,3009,0,278,"9,24%",,
vendredi 16 juin 2028,,738,3009,0,278,"9,24%",,
samedi 17 juin 2028,,739,3009,0,278,"9,24%",,
dimanche 18 juin 2028,,740,3009,0,278,"9,24%",,
lundi 19 juin 2028,,741,3009,0,278,"9,24%",,
mardi 20 juin 2028,,742,3009,0,278,"9,24%",0,
mercredi 21 juin 2028,107,743,3009,0,278,"9,24%",,
jeudi 22 juin 2028,,744,3009,0,278,"9,24%",,
vendredi 23 juin 2028,,745,3009,0,278,"9,24%",,
samedi 24 juin 2028,,746,3009,0,278,"9,24%",,
dimanche 25 juin 2028,,747,3009,0,278,"9,24%",,
lundi 26 juin 2028,,748,3009,0,278,"9,24%",,
mardi 27 juin 2028,,,,,,,,